日期,开盘,收盘,最高,最低,成交量,成交额,振幅,涨跌幅,涨跌额,换手率
2020-01-02,145.15,146.99,147.1,144.7,22634546,3615509840.0,1.67,2.03,2.92,0.3
2020-01-03,144.69,144.99,146.31,144.43,21121681,3362709040.0,1.28,-1.36,-2.0,0.28
2020-01-06,143.45,145.4,145.47,142.88,20826702,3299661296.0,1.79,0.28,0.41,0.27
2020-01-07,145.69,143.95,146.04,143.69,21881740,3464529680.0,1.62,-1.0,-1.45,0.29
2020-01-08,145.3,146.46,147.17,144.32,27762026,4432835072.0,1.98,1.74,2.51,0.36
2020-01-09,148.21,148.46,148.59,147.4,21399951,3462384848.0,0.81,1.37,2.0,0.28
2020-01-10,149.19,147.71,149.59,147.55,20733946,3361461520.0,1.37,-0.51,-0.75,0.27
2020-01-13,148.13,149.65,149.68,147.63,21637007,3515478752.0,1.39,1.31,1.94,0.28
2020-01-14,149.76,148.5,149.97,148.09,23500783,3824040352.0,1.26,-0.77,-1.15,0.31
2020-01-15,148.99,149.55,150.31,148.94,21417871,3498700320.0,0.92,0.71,1.05,0.28
2020-01-16,150.72,152.54,152.61,150.4,23865360,3945425200.0,1.48,2.0,2.99,0.31
2020-01-17,153.79,153.47,153.84,151.8,34371659,5727103232.0,1.34,0.61,0.93,0.45
2020-01-21,153.05,152.87,154.56,152.8,29517191,4929743360.0,1.15,-0.39,-0.6,0.39
2020-01-22,153.77,152.07,153.86,152.05,24138777,4016168192.0,1.18,-0.52,-0.8,0.32
2020-01-23,152.56,153.09,153.17,151.64,19680766,3273298304.0,1.01,0.67,1.02,0.26
2020-01-24,153.88,151.41,153.9,150.82,24918117,4132997248.0,2.01,-1.1,-1.68,0.33
2020-01-27,147.52,148.65,149.75,146.57,32078067,5206715136.0,2.1,-1.82,-2.76,0.42
2020-01-28,150.15,151.83,152.13,149.44,24899940,4109672400.0,1.81,2.14,3.18,0.33
2020-01-29,154.21,154.41,155.12,152.06,35127771,5888123392.0,2.02,1.7,2.58,0.46
2020-01-30,160.42,159.15,160.42,157.16,51597470,8897376256.0,2.11,3.07,4.74,0.68
2020-01-31,158.58,156.6,158.77,155.95,36142690,6167026944.0,1.77,-1.6,-2.55,0.48
2020-02-03,156.8,160.75,160.87,156.77,30149052,5222750720.0,2.62,2.65,4.15,0.4
2020-02-04,163.51,166.49,167.01,162.68,36433339,6528765184.0,2.69,3.57,5.74,0.48
2020-02-05,170.4,166.27,170.57,164.78,39186324,7069952512.0,3.48,-0.13,-0.22,0.52
2020-02-06,167.34,170.0,170.19,166.43,27751381,5067014912.0,2.26,2.24,3.73,0.36
2020-02-07,169.22,170.26,172.0,168.85,33529074,6177260032.0,1.85,0.15,0.26,0.44
2020-02-10,169.95,175.07,175.21,169.62,35844267,6694506240.0,3.28,2.83,4.81,0.47
2020-02-11,177.02,170.81,177.07,169.87,53159906,9930318080.0,4.11,-2.43,-4.26,0.7
2020-02-12,171.95,171.08,172.22,168.22,47062921,8653249792.0,2.34,0.16,0.27,0.62
2020-02-13,169.45,170.08,172.6,169.24,35295834,6509234432.0,1.96,-0.58,-1.0,0.46
2020-02-14,169.62,171.72,171.78,169.02,23149516,4269142128.0,1.62,0.96,1.64,0.3
2020-02-18,171.98,173.6,174.07,171.87,27853113,5203528704.0,1.28,1.09,1.88,0.37
2020-02-19,174.94,174.16,175.06,173.35,29997471,5618678784.0,0.99,0.32,0.56,0.39
2020-02-20,173.83,171.3,174.13,167.98,36862376,6791832576.0,3.53,-1.64,-2.86,0.48
2020-02-21,170.05,165.47,170.38,164.13,48600385,8725559296.0,3.65,-3.4,-5.83,0.64
2020-02-24,154.65,157.77,161.43,150.11,68311066,11716108288.0,6.84,-4.65,-7.7,0.9
2020-02-25,161.08,154.95,161.72,154.53,68073295,11602793728.0,4.56,-1.79,-2.82,0.89
2020-02-26,156.59,157.05,160.14,155.09,56387148,9630761216.0,3.26,1.36,2.1,0.74
2020-02-27,150.2,145.06,153.91,144.86,93174906,15200486912.0,5.76,-7.63,-11.99,1.23
2020-02-28,139.29,148.89,150.59,138.88,97073557,15382314240.0,8.07,2.64,3.83,1.28
2020-03-02,152.19,159.67,159.8,149.19,71030810,11907012096.0,7.13,7.24,10.78,0.93
2020-03-03,160.68,151.39,161.88,149.14,71677019,12019860480.0,7.98,-5.19,-8.28,0.94
2020-03-04,155.37,157.43,157.58,152.5,49814383,8387847168.0,3.36,3.99,6.04,0.65
2020-03-05,152.93,153.15,157.75,152.57,47817251,7999687168.0,3.29,-2.72,-4.28,0.63
2020-03-06,149.49,148.45,149.99,142.88,72821057,11658319616.0,4.64,-3.07,-4.7,0.96
2020-03-09,137.88,137.5,144.63,136.88,70419274,10819064576.0,5.22,-7.38,-10.95,0.93
2020-03-10,145.04,147.8,147.91,139.46,65354385,10275857408.0,6.15,7.49,10.3,0.86
2020-03-11,144.01,140.51,144.58,138.03,56504304,8719384576.0,4.43,-4.93,-7.29,0.74
2020-03-12,132.18,125.94,140.35,125.46,93226366,13398196224.0,10.6,-10.37,-14.57,1.23
2020-03-13,134.38,145.71,148.79,127.61,92727446,13744060416.0,16.82,15.7,19.77,1.22
2020-03-16,126.88,122.3,136.23,121.88,87905868,12432651008.0,9.85,-16.07,-23.41,1.16
2020-03-17,126.88,133.45,134.38,121.88,81059817,11609685760.0,10.22,9.12,11.15,1.07
2020-03-18,124.63,127.28,132.88,121.9,81593173,11420075008.0,8.23,-4.62,-6.17,1.07
2020-03-19,129.65,129.59,137.03,125.88,85922661,12456036864.0,8.76,1.81,2.31,1.13
2020-03-20,132.88,124.23,133.98,122.74,84866215,12060584448.0,8.67,-4.14,-5.36,1.12
2020-03-23,123.89,122.86,127.45,119.4,78975176,10769181696.0,6.48,-1.1,-1.37,1.04
2020-03-24,130.63,135.22,136.48,128.15,82516727,12041020160.0,6.78,10.06,12.36,1.08
2020-03-25,135.79,133.8,141.21,131.32,75638224,11301637376.0,7.31,-1.05,-1.42,0.99
2020-03-26,135.28,142.99,143.54,135.25,64694427,9933875456.0,6.2,6.87,9.19,0.85
2020-03-27,138.63,136.58,141.77,136.08,57042291,8639406848.0,3.98,-4.48,-6.41,0.75
2020-03-30,139.32,147.11,147.48,136.89,63420326,10047028736.0,7.75,7.71,10.53,0.83
2020-03-31,146.28,144.59,151.66,143.44,77927186,12476504320.0,5.59,-1.71,-2.52,1.02
2020-04-01,139.88,138.99,144.63,137.7,57969926,8914300928.0,4.79,-3.87,-5.6,0.76
2020-04-02,138.74,142.14,142.36,137.24,49630735,7612957696.0,3.68,2.27,3.15,0.65
2020-04-03,141.98,140.71,144.26,139.07,41243284,6369669888.0,3.65,-1.01,-1.43,0.54
2020-04-06,147.2,152.15,153.38,144.46,67111697,10894972160.0,6.34,8.13,11.44,0.88
2020-04-07,156.47,150.37,156.88,150.14,62769038,10422351872.0,4.43,-1.17,-1.78,0.83
2020-04-08,152.55,152.01,153.55,150.38,48318234,7973563904.0,2.11,1.09,1.64,0.64
2020-04-09,153.24,152.02,154.25,150.21,51431775,8483469312.0,2.66,0.01,0.01,0.68
2020-04-13,151.23,152.39,152.45,149.18,41905264,6862035712.0,2.15,0.24,0.37,0.55
2020-04-14,155.88,160.58,160.63,154.88,52874338,9086462976.0,3.77,5.37,8.19,0.7
2020-04-15,158.08,158.76,160.45,156.12,40940833,7036329216.0,2.7,-1.13,-1.82,0.54
2020-04-16,161.18,163.92,164.16,159.78,50479610,8848652800.0,2.76,3.25,5.16,0.66
2020-04-17,166.38,165.48,166.88,162.75,52765625,9386313984.0,2.52,0.95,1.56,0.69
2020-04-20,163.51,161.94,165.63,161.87,36669595,6486247424.0,2.27,-2.14,-3.54,0.48
2020-04-21,160.38,154.7,160.55,152.99,56203749,9502698496.0,4.67,-4.47,-7.24,0.74
2020-04-22,158.27,160.4,160.88,157.7,34651604,5980013824.0,2.06,3.68,5.7,0.46
2020-04-23,160.99,158.3,161.94,157.79,32790804,5673158656.0,2.59,-1.31,-2.1,0.43
2020-04-24,158.94,161.43,161.44,157.59,34305320,5931612928.0,2.43,1.98,3.13,0.45
2020-04-27,163.47,160.93,163.78,160.18,33194384,5802101504.0,2.23,-0.31,-0.5,0.44
2020-04-28,162.47,156.69,162.55,156.27,34392694,5902557952.0,3.9,-2.63,-4.24,0.45
2020-04-29,160.1,164.31,164.56,158.76,51286559,9006932736.0,3.7,4.86,7.62,0.68
2020-04-30,166.88,166.09,167.28,163.11,53875857,9623310080.0,2.54,1.08,1.78,0.71
2020-05-01,162.68,161.45,165.52,160.89,39370474,6923613696.0,2.79,-2.79,-4.64,0.52
2020-05-04,161.37,165.72,165.88,160.68,30372862,5385378816.0,3.22,2.64,4.27,0.4
2020-05-05,167.5,167.64,170.53,166.78,36839168,6695931904.0,2.26,1.16,1.92,0.49
2020-05-06,168.96,169.42,171.08,168.51,32139299,5886161152.0,1.53,1.06,1.78,0.42
2020-05-07,171.05,170.48,171.43,169.46,28315992,5199989760.0,1.16,0.63,1.06,0.37
2020-05-08,171.86,171.56,171.88,170.24,30912638,5697716480.0,0.96,0.63,1.08,0.41
2020-05-11,170.03,173.62,174.39,169.73,30892660,5741878016.0,2.72,1.2,2.06,0.41
2020-05-12,173.68,169.39,173.92,169.18,32038199,5923916032.0,2.73,-2.44,-4.23,0.42
2020-05-13,169.43,166.63,170.93,163.42,44711488,8045195520.0,4.43,-1.63,-2.76,0.59
2020-05-14,164.42,167.41,167.57,162.56,41873911,7455524608.0,3.01,0.47,0.78,0.55
2020-05-15,165.94,170.04,173.94,163.88,46610382,8427192576.0,6.01,1.57,2.63,0.61
2020-05-18,172.63,171.79,173.08,170.84,35306620,6537824256.0,1.32,1.03,1.75,0.47
2020-05-19,171.91,170.51,173.48,170.37,26799116,4965830400.0,1.81,-0.75,-1.28,0.35
2020-05-20,172.2,173.05,173.24,171.33,31261334,5783035648.0,1.12,1.49,2.54,0.41
2020-05-21,172.79,170.82,174.06,170.68,29119513,5375591936.0,1.95,-1.29,-2.23,0.38
2020-05-22,170.58,170.9,171.85,169.93,20826898,3819255120.0,1.12,0.05,0.08,0.27
2020-05-26,173.73,168.96,173.89,168.49,36073609,6600526592.0,3.16,-1.14,-1.94,0.48
2020-05-27,167.59,169.2,169.38,163.99,39517146,7086992384.0,3.19,0.14,0.24,0.52
2020-05-28,168.13,168.79,171.54,167.77,33831824,6163506688.0,2.23,-0.24,-0.41,0.45
2020-05-29,170.12,170.64,171.66,167.8,42146720,7697981952.0,2.29,1.1,1.85,0.56
2020-06-01,169.93,170.22,170.39,168.85,22668821,4134515584.0,0.9,-0.25,-0.42,0.3
2020-06-02,171.64,172.3,172.39,168.74,30794585,5645347072.0,2.14,1.22,2.08,0.41
2020-06-03,172.21,172.75,173.33,170.97,27311016,5043433216.0,1.37,0.26,0.45,0.36
2020-06-04,171.69,170.31,173.23,169.69,28761809,5283422720.0,2.05,-1.41,-2.44,0.38
2020-06-05,170.01,174.59,175.12,169.4,39893643,7417338624.0,3.36,2.51,4.28,0.53
2020-06-08,173.33,175.75,175.94,171.83,33211590,6200207616.0,2.35,0.66,1.16,0.44
2020-06-09,175.39,177.19,178.09,174.65,29783916,5638583040.0,1.96,0.82,1.44,0.39
2020-06-10,178.52,184.23,185.91,178.4,43872329,8569634560.0,4.24,3.97,7.04,0.58
2020-06-11,180.52,173.66,183.15,173.46,52854672,10050707200.0,5.26,-5.74,-10.57,0.7
2020-06-12,177.93,175.13,179.11,172.57,43373587,8170754304.0,3.77,0.85,1.47,0.57
2020-06-15,171.97,176.33,178.21,171.4,32770189,6164577536.0,3.89,0.69,1.2,0.43
2020-06-16,180.28,180.96,182.97,178.85,42556656,8234386944.0,2.34,2.63,4.63,0.56
2020-06-17,182.42,181.63,183.71,181.08,25687822,5009051904.0,1.45,0.37,0.67,0.34
2020-06-18,181.39,183.71,183.88,181.39,23061648,4510485760.0,1.37,1.15,2.08,0.3
2020-06-19,185.98,182.54,186.68,181.76,44441141,8752816384.0,2.68,-0.64,-1.17,0.59
2020-06-22,183.18,187.96,188.15,182.62,32818929,6529643008.0,3.03,2.97,5.42,0.43
2020-06-23,189.48,189.3,191.34,188.82,30917447,6263661312.0,1.34,0.71,1.34,0.41
2020-06-24,188.99,185.23,190.64,183.95,36740647,7299782912.0,3.53,-2.15,-4.07,0.48
2020-06-25,185.19,187.73,188.0,182.86,27803933,5516775680.0,2.77,1.35,2.5,0.37
2020-06-26,187.12,183.72,187.28,182.27,54675780,10768193536.0,2.67,-2.14,-4.01,0.72
2020-06-29,183.17,185.83,185.92,180.94,26701586,5256111616.0,2.71,1.15,2.11,0.35
2020-06-30,185.27,190.9,191.79,185.13,34310283,6931273984.0,3.58,2.73,5.07,0.45
2020-07-01,190.53,192.09,193.74,189.16,32061206,6559262464.0,2.4,0.62,1.19,0.42
2020-07-02,193.07,193.65,195.41,192.39,29315762,6067747584.0,1.57,0.81,1.56,0.39
2020-07-06,196.22,198.09,198.52,195.48,31897629,6702292224.0,1.57,2.29,4.44,0.42
2020-07-07,197.84,195.64,202.06,195.38,33600732,7101735168.0,3.37,-1.24,-2.45,0.44
2020-07-08,197.46,200.22,200.65,196.08,33600025,7106110720.0,2.34,2.34,4.58,0.44
2020-07-09,203.72,201.71,203.77,198.86,33121681,7086841088.0,2.45,0.74,1.49,0.44
2020-07-10,201.01,201.06,201.47,198.47,26177633,5572548864.0,1.49,-0.32,-0.65,0.35
2020-07-13,201.87,194.46,203.19,193.89,38135606,8086672384.0,4.63,-3.28,-6.6,0.5
2020-07-14,193.52,195.74,196.24,189.42,37591820,7749564672.0,3.51,0.66,1.28,0.5
2020-07-15,196.95,195.43,198.72,192.42,32179409,6697128192.0,3.22,-0.16,-0.31,0.43
2020-07-16,192.79,191.31,193.09,189.7,29940653,6106291712.0,1.73,-2.11,-4.12,0.4
2020-07-17,191.86,190.27,192.43,188.78,31635281,6417228288.0,1.91,-0.54,-1.04,0.42
2020-07-20,192.39,198.99,199.69,190.4,36884836,7694820864.0,4.88,4.58,8.72,0.49
2020-07-21,201.05,196.14,201.33,195.42,38105777,8015864832.0,2.97,-1.43,-2.85,0.5
2020-07-22,196.59,199.14,199.69,195.78,49605692,10448594432.0,1.99,1.53,3.0,0.66
2020-07-23,194.58,189.93,198.31,189.54,67457035,13876071424.0,4.4,-4.62,-9.21,0.89
2020-07-24,187.81,188.69,190.25,184.9,39826989,8003638272.0,2.82,-0.65,-1.24,0.53
2020-07-27,188.86,191.24,191.36,188.25,30160867,6112444160.0,1.65,1.35,2.55,0.4
2020-07-28,191.0,189.41,192.09,189.13,23251388,4721758976.0,1.55,-0.96,-1.83,0.31
2020-07-29,189.89,191.45,192.04,189.4,19632602,4000176128.0,1.39,1.08,2.04,0.26
2020-07-30,188.39,191.29,191.85,186.96,25079596,5071592448.0,2.55,-0.08,-0.16,0.33
2020-07-31,191.79,192.4,192.49,186.4,51247969,10365927680.0,3.18,0.58,1.11,0.68
2020-08-03,198.91,203.93,205.03,197.83,78983009,16948273152.0,3.74,5.99,11.53,1.04
2020-08-04,201.56,200.68,202.16,197.7,49280056,10467914496.0,2.19,-1.59,-3.25,0.65
2020-08-05,202.29,200.33,202.39,198.96,28858621,6150111488.0,1.71,-0.17,-0.35,0.38
2020-08-06,199.73,203.74,203.76,198.94,32656843,6999521536.0,2.41,1.7,3.41,0.43
2020-08-07,202.24,199.87,203.09,198.32,27820421,5926878208.0,2.34,-1.9,-3.87,0.37
2020-08-10,199.06,195.64,199.27,193.74,36716462,7639736320.0,2.77,-2.12,-4.23,0.49
2020-08-11,194.55,190.77,195.04,190.53,36446459,7477385472.0,2.31,-2.49,-4.87,0.48
2020-08-12,192.68,196.58,197.67,192.14,28041364,5850753024.0,2.9,3.05,5.81,0.37
2020-08-13,196.83,196.09,198.74,195.54,22588870,4738935808.0,1.63,-0.25,-0.49,0.3
2020-08-14,196.15,196.29,196.98,194.9,17958936,3745338192.0,1.06,0.1,0.2,0.24
2020-08-17,196.99,197.67,198.58,196.31,20184757,4241194928.0,1.16,0.7,1.38,0.27
2020-08-18,197.92,198.88,199.75,196.6,21336167,4502241280.0,1.59,0.61,1.21,0.28
2020-08-19,199.39,197.6,200.0,197.15,27627561,5817234944.0,1.43,-0.64,-1.28,0.37
2020-08-20,197.44,202.48,202.9,196.81,26981478,5747122944.0,3.08,2.47,4.88,0.36
2020-08-21,201.76,200.92,204.15,200.75,36249319,7757532928.0,1.68,-0.77,-1.56,0.48
2020-08-24,202.69,201.59,203.42,200.33,25460147,5442709504.0,1.54,0.33,0.67,0.34
2020-08-25,201.0,204.37,204.51,201.0,23043696,4965776640.0,1.74,1.38,2.78,0.3
2020-08-26,205.78,209.05,209.99,205.26,39600828,8718253568.0,2.31,2.29,4.68,0.52
2020-08-27,210.79,214.48,219.05,207.3,57602195,13093237248.0,5.62,2.6,5.43,0.76
2020-08-28,216.08,216.81,218.54,214.48,26292896,6014434816.0,1.89,1.09,2.33,0.35
2020-08-31,214.9,213.43,216.6,212.21,28774156,6506369792.0,2.02,-1.56,-3.38,0.38
2020-09-01,213.41,215.17,215.35,212.33,25791235,5833597952.0,1.41,0.82,1.74,0.34
2020-09-02,215.87,219.55,220.76,215.25,34080839,7865669120.0,2.56,2.04,4.38,0.45
2020-09-03,217.17,205.2,217.21,202.86,58400288,12825696256.0,6.54,-6.54,-14.35,0.77
2020-09-04,203.0,202.15,206.26,193.09,59664072,12668191232.0,6.42,-1.49,-3.05,0.79
2020-09-08,194.4,190.56,197.93,190.1,52924330,10880513536.0,3.87,-5.73,-11.59,0.7
2020-09-09,195.5,199.19,202.74,194.6,45678986,9650444032.0,4.27,4.53,8.63,0.6
2020-09-10,201.3,193.27,202.64,192.01,35461514,7399709696.0,5.34,-2.97,-5.92,0.47
2020-09-11,195.1,191.93,196.53,189.14,33620073,6878354944.0,3.82,-0.69,-1.34,0.44
2020-09-14,192.14,193.31,197.1,191.93,30375768,6272936960.0,2.69,0.72,1.38,0.4
2020-09-15,196.32,196.68,197.68,194.83,21823942,4550386944.0,1.47,1.74,3.37,0.29
2020-09-16,198.52,192.95,198.55,192.54,26372464,5460434944.0,3.06,-1.9,-3.73,0.35
2020-09-17,187.95,190.81,192.23,187.86,34011257,6872829184.0,2.26,-1.11,-2.14,0.45
2020-09-18,190.7,188.29,191.55,184.15,55225326,11068002048.0,3.88,-1.32,-2.52,0.73
2020-09-21,185.09,190.44,190.61,184.28,39839657,7948338432.0,3.36,1.14,2.15,0.53
2020-09-22,192.96,195.32,196.0,189.98,33517065,6885032960.0,3.16,2.56,4.88,0.44
2020-09-23,195.8,188.49,196.0,187.93,30803780,6253500672.0,4.13,-3.5,-6.83,0.41
2020-09-24,187.75,191.09,193.47,187.1,31202493,6345210624.0,3.38,1.38,2.6,0.41
2020-09-25,191.45,195.72,196.94,190.44,29437312,6078211840.0,3.4,2.42,4.63,0.39
2020-09-28,198.78,197.34,200.47,195.96,32004936,6708169984.0,2.3,0.83,1.62,0.42
2020-09-29,197.25,195.16,197.97,194.71,24464472,5091328256.0,1.65,-1.1,-2.18,0.32
2020-09-30,195.63,198.23,199.88,194.44,33829088,7107958016.0,2.79,1.57,3.07,0.45
2020-10-01,201.39,200.36,201.89,199.22,27158418,5771560448.0,1.35,1.07,2.13,0.36
2020-10-02,195.9,194.09,198.89,193.44,33154781,6887419648.0,2.72,-3.13,-6.27,0.44
2020-10-05,195.12,198.28,198.31,194.88,21331561,4461809408.0,1.77,2.16,4.19,0.28
2020-10-06,196.72,193.81,198.08,192.72,28554261,5924633600.0,2.7,-2.25,-4.47,0.38
2020-10-07,194.96,197.73,198.01,194.62,25681054,5362928128.0,1.75,2.02,3.92,0.34
2020-10-08,198.41,198.48,199.09,196.22,19925837,4186507712.0,1.45,0.38,0.75,0.26
2020-10-09,199.13,203.71,203.76,199.13,26458047,5672603392.0,2.33,2.64,5.23,0.35
2020-10-12,206.69,209.3,211.76,204.71,40461368,8947476224.0,3.46,2.74,5.59,0.54
2020-10-13,210.62,210.76,213.11,208.33,28950843,6459230720.0,2.28,0.7,1.46,0.38
2020-10-14,210.9,208.76,212.12,207.03,23451713,5192195072.0,2.42,-0.95,-2.0,0.31
2020-10-15,205.0,207.56,208.26,203.91,22733064,4968650496.0,2.08,-0.57,-1.2,0.3
2020-10-16,208.05,207.56,210.19,207.22,26057882,5745378304.0,1.43,0.0,0.0,0.34
2020-10-19,208.32,202.12,210.2,201.62,27625841,5987648768.0,4.13,-2.62,-5.44,0.37
2020-10-20,203.7,202.55,205.27,200.99,22753511,4899757056.0,2.12,0.21,0.43,0.3
2020-10-21,201.02,202.7,204.82,201.02,22724906,4890006272.0,1.88,0.07,0.15,0.3
2020-10-22,201.83,202.79,203.96,199.6,22351450,4785234432.0,2.15,0.04,0.09,0.3
2020-10-23,202.93,204.13,204.18,201.06,18879608,4062032496.0,1.54,0.66,1.34,0.25
2020-10-26,201.75,197.98,204.24,196.0,37111561,7828647424.0,4.04,-3.01,-6.15,0.49
2020-10-27,199.49,201.15,202.57,198.23,36700325,7817090816.0,2.19,1.6,3.17,0.49
2020-10-28,195.57,190.58,196.74,190.0,51195593,10488238848.0,3.35,-5.25,-10.57,0.68
2020-10-29,191.97,192.62,195.26,191.27,31432563,6448940288.0,2.09,1.07,2.04,0.42
2020-10-30,191.4,190.37,192.19,187.52,36980111,7450300928.0,2.42,-1.17,-2.25,0.49
2020-11-02,192.19,190.23,193.18,188.02,30842163,6241297920.0,2.71,-0.07,-0.14,0.41
2020-11-03,191.79,194.33,196.02,191.02,27512030,5681827840.0,2.63,2.16,4.1,0.36
2020-11-04,201.92,204.29,206.22,200.32,42311777,9146479360.0,3.04,5.13,9.96,0.56
2020-11-05,209.94,211.19,212.02,209.05,36080137,8043894784.0,1.45,3.38,6.9,0.48
2020-11-06,210.16,211.62,212.26,205.93,25231895,5606808832.0,3.0,0.2,0.43,0.33
2020-11-09,212.34,206.29,216.02,205.78,44394950,9898546432.0,4.84,-2.52,-5.33,0.59
2020-11-10,202.4,198.91,204.4,197.62,44045120,9326930944.0,3.29,-3.58,-7.38,0.58
2020-11-11,200.29,204.45,205.94,200.1,29440788,6362790144.0,2.94,2.79,5.54,0.39
2020-11-12,205.11,203.34,207.01,202.36,21616115,4680626176.0,2.27,-0.54,-1.11,0.29
2020-11-13,204.26,204.41,205.32,202.06,18630307,4024287488.0,1.6,0.53,1.07,0.25
2020-11-16,202.77,205.13,205.64,202.42,24953344,5401309696.0,1.58,0.35,0.72,0.33
2020-11-17,204.0,202.36,205.58,201.98,24154112,5202177792.0,1.75,-1.35,-2.77,0.32
2020-11-18,202.11,199.54,203.63,199.39,28372789,6028059392.0,2.1,-1.39,-2.82,0.38
2020-11-19,199.84,200.88,201.49,198.39,24792746,5249311488.0,1.55,0.67,1.34,0.33
2020-11-20,200.66,198.85,201.75,198.46,22843119,4834200576.0,1.64,-1.01,-2.03,0.3
2020-11-23,199.41,198.57,200.75,196.62,25683507,5391906048.0,2.08,-0.14,-0.28,0.34
2020-11-24,198.05,202.32,202.71,197.32,33979731,7212536064.0,2.71,1.89,3.75,0.45
2020-11-25,203.57,202.33,203.75,200.92,21012887,4492732416.0,1.4,0.0,0.01,0.28
2020-11-27,203.31,203.69,204.73,202.5,14512213,3124278368.0,1.1,0.67,1.36,0.19
2020-11-30,202.56,202.53,203.22,199.3,33064753,7042717696.0,1.92,-0.57,-1.16,0.44
2020-12-01,202.97,204.67,205.78,201.81,30931318,6658581760.0,1.96,1.06,2.14,0.41
2020-12-02,203.34,203.83,203.93,201.26,23724509,5088174592.0,1.3,-0.41,-0.84,0.31
2020-12-03,203.07,202.7,204.84,202.11,25120922,5393148672.0,1.34,-0.55,-1.13,0.33
2020-12-04,202.68,202.82,203.84,201.64,24666039,5282693376.0,1.09,0.06,0.12,0.33
2020-12-07,202.83,202.75,204.0,201.45,24619997,5270170112.0,1.26,-0.03,-0.07,0.33
2020-12-08,202.43,204.47,205.41,201.35,23284094,5015879168.0,2.0,0.85,1.72,0.31
2020-12-09,203.62,200.26,203.69,199.67,32440603,6908611840.0,1.97,-2.06,-4.21,0.43
2020-12-10,200.23,198.98,201.54,198.82,26467017,5594418432.0,1.36,-0.64,-1.28,0.35
2020-12-11,198.51,201.72,201.78,197.57,30979440,6560880896.0,2.12,1.38,2.74,0.41
2020-12-14,201.56,202.66,204.67,201.34,28798379,6182615808.0,1.65,0.47,0.94,0.38
2020-12-15,203.63,202.59,203.88,200.7,27018106,5770288896.0,1.57,-0.03,-0.07,0.36
2020-12-16,203.21,207.74,208.57,203.18,35023253,7649239552.0,2.66,2.54,5.15,0.46
2020-12-17,208.33,207.88,209.35,206.38,32515784,7123053824.0,1.43,0.07,0.14,0.43
2020-12-18,207.05,207.05,208.15,204.48,63354922,13830782208.0,1.77,-0.4,-0.83,0.84
2020-12-21,206.01,211.05,212.46,205.74,37181886,8221975296.0,3.25,1.93,4.0,0.49
2020-12-22,211.15,212.4,214.09,210.31,22643397,5071333376.0,1.79,0.64,1.35,0.3
2020-12-23,211.57,209.48,212.02,209.26,18699638,4155842544.0,1.3,-1.37,-2.92,0.25
2020-12-24,209.88,211.21,212.07,209.66,10550572,2347148784.0,1.15,0.83,1.73,0.14
2020-12-28,212.91,213.42,214.49,211.48,17933496,4034670480.0,1.43,1.05,2.21,0.24
2020-12-29,214.77,212.61,215.64,212.04,17403213,3915211824.0,1.69,-0.38,-0.81,0.23
2020-12-30,213.69,210.14,214.09,209.93,20272337,4509768448.0,1.96,-1.16,-2.47,0.27
2020-12-31,210.16,210.88,211.46,208.14,20942132,4639294208.0,1.58,0.35,0.74,0.28
2021-01-04,210.99,206.15,211.46,203.27,37130139,8087449344.0,3.88,-2.24,-4.73,0.49
2021-01-05,205.72,206.36,206.98,204.16,23822953,5178517248.0,1.37,0.1,0.21,0.32
2021-01-06,200.63,200.71,204.95,200.4,35930653,7682863104.0,2.2,-2.74,-5.65,0.48
2021-01-07,202.5,206.75,207.8,202.17,27694480,6028605696.0,2.81,3.01,6.04,0.37
2021-01-08,207.14,208.08,209.04,205.49,22956206,5027574528.0,1.72,0.64,1.33,0.3
2021-01-11,206.93,205.95,207.37,205.19,23047029,5019337984.0,1.05,-1.02,-2.13,0.31
2021-01-12,204.96,203.39,205.56,201.78,23249336,4999891968.0,1.84,-1.24,-2.56,0.31
2021-01-13,202.48,204.8,205.22,202.39,20087080,4332647168.0,1.39,0.69,1.41,0.27
2021-01-14,204.37,201.48,205.92,201.2,29346737,6287643392.0,2.3,-1.62,-3.32,0.39
2021-01-15,201.98,201.11,202.97,200.49,31746512,6770963968.0,1.23,-0.18,-0.37,0.42
2021-01-19,202.21,204.9,205.44,201.09,30480859,6560912896.0,2.16,1.88,3.79,0.4
2021-01-20,206.16,212.8,214.25,205.75,37777260,8443704320.0,4.15,3.86,7.9,0.5
2021-01-21,213.16,213.43,214.76,210.88,30749553,6914181888.0,1.82,0.3,0.63,0.41
2021-01-22,215.54,214.41,218.53,214.26,30172663,6876041216.0,2.0,0.46,0.98,0.4
2021-01-25,217.58,217.99,218.24,212.68,33152095,7557113088.0,2.59,1.67,3.58,0.44
2021-01-26,220.32,220.79,222.64,218.54,49169601,11433395712.0,1.88,1.28,2.8,0.65
2021-01-27,226.46,221.36,228.9,218.6,69870638,16434605056.0,4.67,0.26,0.57,0.93
2021-01-28,224.07,227.39,231.1,223.55,49111159,11762802944.0,3.41,2.72,6.03,0.65
2021-01-29,224.45,220.42,226.48,219.81,42503138,9942717696.0,2.93,-3.07,-6.97,0.56
2021-02-01,223.52,228.11,230.96,220.89,33314193,7955352576.0,4.57,3.49,7.69,0.44
2021-02-02,229.76,227.97,230.77,227.15,25916337,6226958080.0,1.59,-0.06,-0.14,0.34
2021-02-03,228.03,231.46,233.55,227.72,27158104,6594049536.0,2.56,1.53,3.49,0.36
2021-02-04,231.12,230.47,231.7,228.83,25296100,6106877184.0,1.24,-0.43,-0.99,0.34
2021-02-05,230.69,230.66,231.74,228.88,18054752,4363791104.0,1.24,0.08,0.19,0.24
2021-02-08,231.61,230.93,232.14,229.27,22211929,5376778496.0,1.24,0.12,0.27,0.29
2021-02-09,230.33,232.23,233.22,229.84,23564953,5741809920.0,1.46,0.56,1.3,0.31
2021-02-10,233.46,231.28,234.38,229.35,22186706,5385506048.0,2.17,-0.41,-0.95,0.29
2021-02-11,233.24,232.95,233.61,230.61,15751059,3838709024.0,1.3,0.72,1.67,0.21
2021-02-12,232.393,233.45,233.76,231.19,16561079,4043252480.0,1.1,0.21,0.5,0.22
2021-02-16,233.49,232.16,234.59,231.38,26728487,6520585984.0,1.38,-0.55,-1.29,0.35
2021-02-17,230.34,233.22,233.33,229.96,21673109,5264646144.0,1.45,0.46,1.06,0.29
2021-02-18,230.82,232.81,232.95,229.88,16925563,4105134992.0,1.32,-0.18,-0.41,0.22
2021-02-19,232.77,229.99,232.88,229.2,25262600,6102369536.0,1.58,-1.21,-2.82,0.33
2021-02-22,226.44,223.53,226.95,221.42,36446936,8554228736.0,2.4,-2.81,-6.46,0.48
2021-02-23,219.35,222.29,223.85,217.75,30228704,7015596544.0,2.73,-0.55,-1.24,0.4
2021-02-24,219.03,223.57,224.22,218.02,26339746,6125485824.0,2.79,0.58,1.28,0.35
2021-02-25,221.1,218.01,223.605,216.9,39542235,9119295488.0,3.0,-2.49,-5.56,0.52
2021-02-26,220.545,221.4,224.39,218.56,37819227,8805700352.0,2.67,1.55,3.39,0.5
2021-03-01,224.92,225.96,226.49,222.17,25332837,5988464128.0,1.95,2.06,4.56,0.34
2021-03-02,226.03,222.89,226.32,222.47,22812459,5352848640.0,1.7,-1.36,-3.07,0.3
2021-03-03,221.175,216.58,222.6,216.28,34029526,7803348224.0,2.84,-2.83,-6.31,0.45
2021-03-04,215.755,215.75,221.51,213.28,44727785,10175290880.0,3.8,-0.38,-0.83,0.59
2021-03-05,218.537,220.62,222.29,215.48,41872770,9642560768.0,3.16,2.26,4.87,0.56
2021-03-08,220.39,216.41,222.385,216.15,35267440,8110369792.0,2.83,-1.91,-4.21,0.47
2021-03-09,221.9,222.8,224.404,220.69,33080531,7738153472.0,1.72,2.95,6.39,0.44
2021-03-10,226.02,221.44,226.02,221.06,29746812,6962704128.0,2.23,-0.61,-1.36,0.39
2021-03-11,223.98,226.15,228.19,223.33,29907586,7096090112.0,2.19,2.13,4.71,0.4
2021-03-12,223.03,224.77,224.84,222.25,22653662,5319707136.0,1.15,-0.61,-1.38,0.3
2021-03-15,223.98,223.83,224.205,220.83,26042669,6083847680.0,1.5,-0.42,-0.94,0.35
2021-03-16,225.3,226.73,229.075,224.96,28092196,6697631744.0,1.84,1.3,2.9,0.37
2021-03-17,225.17,226.06,227.57,222.25,29562100,6975663104.0,2.35,-0.3,-0.67,0.39
2021-03-18,221.58,219.74,223.21,219.35,34852251,8080426496.0,1.71,-2.8,-6.32,0.46
2021-03-19,220.04,219.37,221.494,218.37,46430730,10718769152.0,1.42,-0.17,-0.37,0.62
2021-03-22,219.29,225.01,225.92,219.16,30127005,7089078528.0,3.08,2.57,5.64,0.4
2021-03-23,226.505,226.6,230.07,226.09,31638376,7556367360.0,1.77,0.71,1.59,0.42
2021-03-24,226.865,224.48,227.02,224.34,25620127,6054945280.0,1.18,-0.94,-2.12,0.34
2021-03-25,224.32,221.36,225.96,220.59,34061853,7938745856.0,2.39,-1.39,-3.12,0.45
2021-03-26,220.57,225.5,225.73,220.57,25479853,5978016512.0,2.33,1.87,4.14,0.34
2021-03-29,225.61,224.26,225.82,220.9,25227455,5913273344.0,2.18,-0.55,-1.24,0.33
2021-03-30,222.545,220.87,222.87,220.12,24792012,5751841024.0,1.23,-1.51,-3.39,0.33
2021-03-31,221.93,224.79,228.12,221.41,43623471,10299357696.0,3.04,1.77,3.92,0.58
2021-04-01,227.49,231.37,231.86,227.07,30337982,7321787904.0,2.13,2.93,6.58,0.4
2021-04-05,231.78,238.09,238.98,231.72,36910609,9163992064.0,3.14,2.9,6.72,0.49
2021-04-06,236.63,236.88,238.42,235.9,22931923,5692251648.0,1.06,-0.51,-1.21,0.3
2021-04-07,236.83,238.92,239.95,236.21,22719835,5674836224.0,1.58,0.86,2.04,0.3
2021-04-08,241.79,242.27,243.159,241.02,23625197,5978571008.0,0.9,1.4,3.35,0.31
2021-04-09,241.89,244.87,245.01,241.46,24326833,6195445504.0,1.47,1.07,2.6,0.32
2021-04-12,243.73,244.93,246.69,243.64,27148668,6953815808.0,1.25,0.02,0.06,0.36
2021-04-13,246.277,247.51,248.21,245.85,23837469,6149593088.0,0.96,1.05,2.58,0.32
2021-04-14,246.495,244.61,247.85,244.18,23070938,5918571264.0,1.48,-1.17,-2.9,0.31
2021-04-15,246.951,248.52,248.95,246.75,25627481,6640398080.0,0.9,1.6,3.91,0.34
2021-04-16,248.49,249.76,250.02,246.621,24878582,6468695040.0,1.37,0.5,1.24,0.33
2021-04-19,249.21,247.76,250.5,246.841,23209260,6013048576.0,1.47,-0.8,-2.0,0.31
2021-04-20,246.84,247.28,249.22,245.86,19722875,5093809408.0,1.36,-0.19,-0.48,0.26
2021-04-21,247.96,249.6,249.7,246.27,24030383,6236808960.0,1.39,0.94,2.32,0.32
2021-04-22,249.23,246.19,250.8,244.66,25606152,6617524480.0,2.46,-1.37,-3.41,0.34
2021-04-23,246.9,250.17,250.53,246.29,21499286,5598609664.0,1.72,1.62,3.98,0.29
2021-04-26,250.68,250.57,251.455,249.19,19763346,5165917952.0,0.91,0.16,0.4,0.26
2021-04-27,250.605,250.99,252.21,249.14,31014213,8111243264.0,1.23,0.17,0.42,0.41
2021-04-28,245.098,243.58,245.56,241.97,46903119,11935816192.0,1.43,-2.95,-7.41,0.62
2021-04-29,244.48,241.53,245.12,238.02,40589023,10220553984.0,2.91,-0.84,-2.05,0.54
2021-04-30,238.76,241.2,242.1,238.62,30945098,7786480896.0,1.44,-0.14,-0.33,0.41
2021-05-03,242.42,240.88,243.37,240.14,19626568,4953441280.0,1.34,-0.13,-0.32,0.26
2021-05-04,239.99,236.81,240.23,234.78,32756052,8108249088.0,2.26,-1.69,-4.07,0.43
2021-05-05,238.08,235.49,238.52,234.84,21901325,5422028288.0,1.55,-0.56,-1.32,0.29
2021-05-06,235.47,238.75,238.88,233.71,26491085,6562486784.0,2.2,1.38,3.26,0.35
2021-05-07,241.17,241.48,243.32,240.19,27032912,6836025856.0,1.31,1.14,2.73,0.36
2021-05-10,239.89,236.2,240.75,236.14,29299890,7294408704.0,1.91,-2.19,-5.28,0.39
2021-05-11,233.57,235.25,235.62,231.59,33641589,8253093888.0,1.71,-0.4,-0.95,0.45
2021-05-12,231.185,228.02,233.4,227.09,36684370,8804907008.0,2.68,-3.07,-7.23,0.49
2021-05-13,230.82,232.05,234.62,230.44,29624298,7213096192.0,1.83,1.77,4.03,0.39
2021-05-14,234.595,237.17,238.2,234.51,23901081,5926119168.0,1.59,2.21,5.12,0.32
2021-05-17,235.57,234.2,235.61,232.54,24970168,6112176640.0,1.29,-1.25,-2.97,0.33
2021-05-18,235.29,232.1,235.43,231.92,20167975,4935743488.0,1.5,-0.9,-2.1,0.27
2021-05-19,228.89,232.7,232.81,228.18,25739807,6218828544.0,1.99,0.26,0.6,0.34
2021-05-20,233.54,236.06,237.53,233.44,21800716,5374864640.0,1.76,1.44,3.36,0.29
2021-05-21,237.145,234.75,237.91,234.32,21863058,5378122240.0,1.52,-0.55,-1.31,0.29
2021-05-24,237.365,240.36,240.74,237.09,21411547,5360505088.0,1.55,2.39,5.61,0.28
2021-05-25,241.349,241.3,242.33,240.4,17704303,4452015872.0,0.8,0.39,0.94,0.24
2021-05-26,241.01,241.07,242.52,240.33,17771600,4466538752.0,0.91,-0.1,-0.23,0.24
2021-05-27,240.75,238.89,241.06,238.83,24426244,6105235456.0,0.93,-0.9,-2.18,0.32
2021-05-28,240.575,239.26,241.66,239.14,18274942,4580750336.0,1.05,0.15,0.37,0.24
2021-06-01,240.81,236.98,240.87,236.54,23213310,5770110720.0,1.81,-0.95,-2.28,0.31
2021-06-02,237.705,236.88,238.85,235.42,19406705,4806017792.0,1.45,-0.04,-0.1,0.26
2021-06-03,234.8,235.29,235.92,232.58,25307711,6201147136.0,1.41,-0.67,-1.59,0.34
2021-06-04,237.34,240.37,241.23,237.09,25281094,6332035584.0,1.76,2.16,5.08,0.34
2021-06-07,239.56,243.39,243.67,239.39,23079167,5831037696.0,1.78,1.26,3.02,0.31
2021-06-08,244.74,242.15,245.59,242.09,22454998,5694131968.0,1.44,-0.51,-1.24,0.3
2021-06-09,243.39,243.17,245.11,242.79,17937634,4560162048.0,0.96,0.42,1.02,0.24
2021-06-10,243.87,246.82,247.04,243.25,24563619,6298289152.0,1.56,1.5,3.65,0.33
2021-06-11,247.565,247.47,248.067,246.19,18999731,4894361600.0,0.76,0.26,0.65,0.25
2021-06-14,247.48,249.47,249.53,246.38,19150507,4952622336.0,1.27,0.81,2.0,0.25
2021-06-15,249.355,247.94,249.57,247.26,18038931,4666299392.0,0.93,-0.61,-1.53,0.24
2021-06-16,248.98,246.96,250.16,244.0,27219956,7019091968.0,2.48,-0.4,-0.98,0.36
2021-06-17,245.645,250.48,251.33,245.59,27565537,7167641600.0,2.32,1.43,3.52,0.37
2021-06-18,249.21,249.01,251.88,248.33,37202217,9676696832.0,1.42,-0.59,-1.47,0.49
2021-06-21,249.4,252.21,253.1,247.5,26696119,6992972544.0,2.25,1.29,3.2,0.35
2021-06-22,252.3,255.09,255.37,251.98,24694090,6536817152.0,1.34,1.14,2.88,0.33
2021-06-23,255.57,254.855,256.41,254.01,19518681,5178910976.0,0.94,-0.09,-0.235,0.26
2021-06-24,255.74,256.27,257.43,255.05,21446867,5721402112.0,0.93,0.56,1.415,0.28
2021-06-25,255.81,254.6,256.83,254.34,25611113,6797295616.0,0.97,-0.65,-1.67,0.34
2021-06-28,255.765,258.3,258.48,255.49,19590024,5252706816.0,1.17,1.45,3.7,0.26
2021-06-29,258.445,260.98,261.23,257.56,19937811,5392358400.0,1.42,1.04,2.68,0.26
2021-06-30,260.27,260.48,260.94,259.184,21656457,5861354496.0,0.67,-0.19,-0.5,0.29
2021-07-01,259.19,261.18,261.42,259.18,16725323,4529146880.0,0.86,0.27,0.7,0.22
2021-07-02,262.4,267.23,267.58,262.08,26474408,7316492800.0,2.11,2.32,6.05,0.35
2021-07-06,267.61,267.24,268.95,263.88,31565560,8756471552.0,1.9,0.0,0.01,0.42
2021-07-07,268.98,269.51,270.275,266.73,23260031,6504750592.0,1.33,0.85,2.27,0.31
2021-07-08,266.48,267.0,268.31,264.45,24618591,6823381504.0,1.43,-0.93,-2.51,0.33
2021-07-09,265.3,267.52,267.63,264.9,23916665,6628469248.0,1.02,0.19,0.52,0.32
2021-07-12,268.737,266.9,269.35,266.16,18931695,5254095616.0,1.19,-0.23,-0.62,0.25
2021-07-13,267.1,270.56,272.428,266.97,26120128,7341335296.0,2.04,1.37,3.66,0.35
2021-07-14,271.925,272.09,273.24,270.13,23113662,6532642560.0,1.15,0.57,1.53,0.31
2021-07-15,271.58,270.61,272.09,269.41,22604227,6351645440.0,0.98,-0.54,-1.48,0.3
2021-07-16,271.65,270.33,273.68,269.04,26186848,7376416512.0,1.71,-0.1,-0.28,0.35
2021-07-19,268.514,266.59,269.95,264.03,32935634,9123107840.0,2.19,-1.38,-3.74,0.44
2021-07-20,267.61,268.9,270.55,265.84,26259741,7329140736.0,1.77,0.87,2.31,0.35
2021-07-21,268.485,270.98,271.1,266.87,24364320,6832008960.0,1.57,0.77,2.08,0.32
2021-07-22,273.42,275.72,276.0,273.0,23384059,6677061632.0,1.11,1.75,4.74,0.31
2021-07-23,276.95,279.25,279.57,276.08,22768071,6578685952.0,1.27,1.28,3.53,0.3
2021-07-26,278.58,278.63,279.27,276.222,23176073,6685868288.0,1.09,-0.22,-0.62,0.31
2021-07-27,279.01,276.12,279.155,272.53,33604073,9599993088.0,2.38,-0.9,-2.51,0.45
2021-07-28,278.57,275.8,279.73,273.41,33566853,9638499328.0,2.29,-0.12,-0.32,0.45
2021-07-29,275.815,276.08,278.198,275.66,18168294,5212181504.0,0.92,0.1,0.28,0.24
2021-07-30,274.75,274.49,276.24,273.49,20944846,5968189440.0,1.0,-0.58,-1.59,0.28
2021-08-02,275.94,274.4,276.355,273.32,16267357,4640830976.0,1.11,-0.03,-0.09,0.22
2021-08-03,275.0,276.7,276.81,273.58,17879048,5114387456.0,1.18,0.84,2.3,0.24
2021-08-04,275.8,276.09,277.168,274.23,16191301,4635735552.0,1.06,-0.22,-0.61,0.22
2021-08-05,276.46,279.1,279.21,275.68,13900167,4010285712.0,1.28,1.09,3.01,0.18
2021-08-06,278.085,279.04,279.08,277.204,16589336,4788957184.0,0.67,-0.02,-0.06,0.22
2021-08-09,279.33,277.91,281.13,277.39,16117629,4653540096.0,1.34,-0.4,-1.13,0.21
2021-08-10,278.38,276.02,278.83,274.78,18616578,5336275968.0,1.46,-0.68,-1.89,0.25
2021-08-11,276.79,276.53,278.24,275.44,13955934,4004620048.0,1.01,0.18,0.51,0.19
2021-08-12,276.21,279.39,279.55,275.92,14570391,4211271136.0,1.31,1.03,2.86,0.19
2021-08-13,279.06,282.43,282.48,278.88,18249046,5323203584.0,1.29,1.09,3.04,0.24
2021-08-16,282.77,284.18,284.4,279.6,22516027,6596985344.0,1.7,0.62,1.75,0.3
2021-08-17,281.97,282.66,283.01,280.66,20075250,5873830656.0,0.83,-0.53,-1.52,0.27
2021-08-18,282.18,280.87,284.96,280.41,21812985,6382330368.0,1.61,-0.63,-1.79,0.29
2021-08-19,278.834,286.91,287.61,278.78,29850461,8803931392.0,3.14,2.15,6.04,0.4
2021-08-20,289.86,294.5,295.98,288.2,40817646,12394144256.0,2.71,2.65,7.59,0.54
2021-08-23,293.385,294.79,295.54,291.99,22830157,6946344448.0,1.21,0.1,0.29,0.3
2021-08-24,295.16,292.76,295.79,292.144,18175774,5509109504.0,1.24,-0.69,-2.03,0.24
2021-08-25,294.44,292.15,294.73,290.56,20006057,6040404224.0,1.42,-0.21,-0.61,0.27
2021-08-26,291.13,289.23,292.569,289.09,17666084,5304754688.0,1.19,-1.0,-2.92,0.24
2021-08-27,289.127,289.86,291.01,286.97,22605726,6765568768.0,1.4,0.22,0.63,0.3
2021-08-30,291.255,293.73,294.36,291.2,16348072,4958680832.0,1.09,1.34,3.87,0.22
2021-08-31,294.56,292.02,294.64,291.64,26285338,7955948032.0,1.02,-0.58,-1.71,0.35
2021-09-01,293.005,291.97,295.33,291.63,18983826,5752882944.0,1.27,-0.02,-0.05,0.25
2021-09-02,292.34,291.29,293.5,290.32,16290545,4909245696.0,1.09,-0.23,-0.68,0.22
2021-09-03,291.13,291.28,292.74,290.4,14751610,4447474944.0,0.8,0.0,-0.01,0.2
2021-09-07,291.145,290.32,291.23,288.34,17184083,5154297088.0,0.99,-0.33,-0.96,0.23
2021-09-08,289.92,290.35,290.75,287.605,15046819,4501254656.0,1.08,0.01,0.03,0.2
2021-09-09,290.96,287.39,292.28,287.14,19927000,5951996160.0,1.77,-1.02,-2.96,0.27
2021-09-10,288.555,285.85,290.06,285.52,19633363,5837235712.0,1.58,-0.54,-1.54,0.26
2021-09-13,287.69,287.13,288.68,284.22,23652949,7003167232.0,1.56,0.45,1.28,0.31
2021-09-14,289.7,289.93,291.53,288.24,21853433,6553809152.0,1.15,0.98,2.8,0.29
2021-09-15,293.4,294.96,295.46,291.96,28356304,8619754496.0,1.21,1.73,5.03,0.38
2021-09-16,293.9,295.36,295.45,290.9,19550815,5932818688.0,1.54,0.14,0.4,0.26
2021-09-17,294.31,290.01,294.64,289.67,41372457,12459354624.0,1.68,-1.81,-5.35,0.55
2021-09-20,286.47,284.44,288.86,279.66,38278661,11244328960.0,3.17,-1.92,-5.57,0.51
2021-09-21,285.83,284.94,287.68,284.21,22364103,6612148224.0,1.22,0.18,0.5,0.3
2021-09-22,286.865,288.72,290.36,284.65,26626342,7940434688.0,2.0,1.33,3.78,0.35
2021-09-23,288.985,289.7,291.04,287.674,18604601,5576805120.0,1.17,0.34,0.98,0.25
2021-09-24,288.37,289.49,289.94,287.07,14998978,4477035520.0,0.99,-0.07,-0.21,0.2
2021-09-27,286.28,284.31,286.61,283.085,23571742,6939465984.0,1.22,-1.79,-5.18,0.31
2021-09-28,279.935,273.66,280.92,272.89,43186237,12325581056.0,2.82,-3.75,-10.65,0.57
2021-09-29,275.24,274.14,276.91,273.15,26353696,7501899008.0,1.37,0.18,0.48,0.35
2021-09-30,275.85,272.06,277.97,271.76,32343635,9183456768.0,2.27,-0.76,-2.08,0.43
2021-10-01,272.262,279.24,280.12,271.43,30086280,8623844352.0,3.19,2.64,7.18,0.4
2021-10-04,277.54,273.25,277.89,270.39,31350747,8861529856.0,2.69,-2.15,-5.99,0.42
2021-10-05,274.186,278.9,280.538,274.186,24993024,7205618688.0,2.32,2.07,5.65,0.33
2021-10-06,275.92,283.25,283.77,275.649,28002559,8135110144.0,2.91,1.56,4.35,0.37
2021-10-07,285.315,284.99,286.78,284.06,20430471,6035950848.0,0.96,0.61,1.74,0.27
2021-10-08,286.359,284.99,286.781,283.9,17685700,5219179264.0,1.01,0.0,0.0,0.24
2021-10-11,283.06,284.37,288.11,282.885,19298634,5703851008.0,1.83,-0.22,-0.62,0.26
2021-10-12,285.48,283.02,285.58,282.49,17974143,5276787712.0,1.09,-0.47,-1.35,0.24
2021-10-13,285.05,286.45,287.42,283.63,23424025,6920702976.0,1.34,1.21,3.43,0.31
2021-10-14,289.35,292.89,293.41,287.97,27262902,8213583872.0,1.9,2.25,6.44,0.36
2021-10-15,292.48,294.35,294.59,290.659,25384803,7688099072.0,1.34,0.5,1.46,0.34
2021-10-18,293.71,297.43,298.35,292.83,22729297,6952869632.0,1.88,1.05,3.08,0.3
2021-10-19,298.488,298.37,299.44,297.36,17682139,5451160832.0,0.7,0.32,0.94,0.24
2021-10-20,299.35,297.55,299.84,296.25,16537069,5086747648.0,1.2,-0.27,-0.82,0.22
2021-10-21,297.31,300.9,301.16,296.5,16918100,5234443008.0,1.57,1.13,3.35,0.23
2021-10-22,300.54,299.3,301.23,297.94,17449332,5397473792.0,1.09,-0.53,-1.6,0.23
2021-10-25,299.5,298.27,299.54,296.6,17554469,5410073344.0,0.98,-0.34,-1.03,0.23
2021-10-26,301.14,300.25,302.535,298.737,28107349,8720467712.0,1.27,0.66,1.98,0.37
2021-10-27,306.14,313.31,316.237,306.14,52588690,16969447680.0,3.36,4.35,13.06,0.7
2021-10-28,314.465,314.49,315.01,311.5,26297943,8503362048.0,1.12,0.38,1.18,0.35
2021-10-29,314.27,321.76,322.14,314.04,34765982,11437430784.0,2.58,2.31,7.27,0.46
2021-11-01,321.495,319.51,321.63,316.51,27073182,8890590464.0,1.59,-0.7,-2.25,0.36
2021-11-02,320.45,323.27,323.59,320.14,26487109,8806978048.0,1.08,1.18,3.76,0.35
2021-11-03,324.04,324.14,325.04,320.79,21500082,7158330112.0,1.31,0.27,0.87,0.29
2021-11-04,323.03,326.58,326.68,319.65,23992202,8035166464.0,2.17,0.75,2.44,0.32
2021-11-05,328.65,326.2,328.93,324.562,22570098,7591616512.0,1.34,-0.12,-0.38,0.3
2021-11-08,327.44,327.13,327.79,324.58,20897001,7024908032.0,0.98,0.29,0.93,0.28
2021-11-09,327.247,326.09,328.86,324.67,21307370,7166295296.0,1.28,-0.32,-1.04,0.28
2021-11-10,324.71,320.94,324.77,320.06,25500938,8457650944.0,1.44,-1.58,-5.15,0.34
2021-11-11,321.39,322.57,323.915,320.65,16849844,5605938432.0,1.02,0.51,1.63,0.22
2021-11-12,324.06,326.86,327.37,323.93,23831049,8010504704.0,1.07,1.33,4.29,0.32
2021-11-15,327.68,326.21,328.02,324.174,16723009,5613358080.0,1.18,-0.2,-0.65,0.22
2021-11-16,325.82,329.65,330.81,325.65,20886832,7081800960.0,1.58,1.05,3.44,0.28
2021-11-17,329.7,329.88,332.95,328.76,19053380,6475101696.0,1.27,0.07,0.23,0.25
2021-11-18,328.94,332.03,333.21,327.88,22463533,7652376832.0,1.62,0.65,2.15,0.3
2021-11-19,333.4,333.87,335.86,332.96,21963403,7540989184.0,0.87,0.55,1.84,0.29
2021-11-22,335.38,330.59,340.43,330.31,31031113,10677697024.0,3.03,-0.98,-3.28,0.41
2021-11-23,327.81,328.44,330.21,324.32,30427563,10230514688.0,1.78,-0.65,-2.15,0.41
2021-11-24,327.04,328.67,328.92,324.671,21661307,7287597824.0,1.29,0.07,0.23,0.29
2021-11-26,325.11,320.44,328.69,318.88,24217242,8044002816.0,2.98,-2.5,-8.23,0.32
2021-11-29,325.7,327.39,329.79,325.5,28563481,9626660608.0,1.34,2.17,6.95,0.38
2021-11-30,326.08,321.35,328.54,319.75,42885609,14229635584.0,2.68,-1.84,-6.04,0.57
2021-12-01,325.89,320.84,330.04,320.15,33401146,11169653248.0,3.08,-0.16,-0.51,0.44
2021-12-02,321.06,320.25,324.25,318.563,30765980,10155145472.0,1.77,-0.18,-0.59,0.41
2021-12-03,322.75,313.77,323.46,308.79,41779279,13477592832.0,4.58,-2.02,-6.48,0.56
2021-12-06,314.71,316.95,318.21,309.99,30032556,9744008448.0,2.62,1.01,3.18,0.4
2021-12-07,322.4,325.68,326.56,320.86,31021936,10366504192.0,1.8,2.75,8.73,0.41
2021-12-08,326.07,325.73,326.26,321.56,24760988,8254603776.0,1.44,0.02,0.05,0.33
2021-12-09,325.17,323.86,327.249,322.88,22214158,7417122304.0,1.34,-0.57,-1.87,0.3
2021-12-10,325.74,333.3,333.76,325.55,38095694,12968279808.0,2.54,2.91,9.44,0.51
2021-12-13,331.44,330.16,334.55,329.84,28899431,9849027328.0,1.41,-0.94,-3.14,0.38
2021-12-14,323.98,319.1,325.4,314.87,44438699,14572865280.0,3.19,-3.35,-11.06,0.59
2021-12-15,319.37,325.41,325.95,315.26,35381122,11696375552.0,3.35,1.98,6.31,0.47
2021-12-16,326.47,315.66,327.52,313.78,35034831,11477707520.0,4.22,-3.0,-9.75,0.47
2021-12-17,311.64,314.56,315.68,308.01,47983713,15468632576.0,2.43,-0.35,-1.1,0.64
2021-12-20,310.81,310.67,313.56,308.33,28326532,9053737728.0,1.66,-1.24,-3.89,0.38
2021-12-21,314.05,318.05,318.49,310.56,24740597,8037419776.0,2.55,2.38,7.38,0.33
2021-12-22,319.06,323.96,324.365,316.51,24831493,8217771008.0,2.47,1.86,5.91,0.33
2021-12-23,323.51,325.45,327.15,323.49,19617848,6570532608.0,1.13,0.46,1.49,0.26
2021-12-27,326.22,333.21,333.24,326.19,19947029,6793543424.0,2.17,2.38,7.76,0.27
2021-12-28,333.91,332.01,334.57,331.08,15661467,5351255808.0,1.05,-0.36,-1.2,0.21
2021-12-29,332.06,332.71,335.06,330.44,15041956,5143581440.0,1.39,0.21,0.7,0.2
2021-12-30,332.67,330.08,333.89,329.58,15994471,5452577024.0,1.3,-0.79,-2.63,0.21
2021-12-31,329.27,327.08,330.115,326.61,18000797,6064413440.0,1.06,-0.91,-3.0,0.24
2022-01-03,326.11,325.51,328.76,320.54,28918013,9634896384.0,2.51,-0.48,-1.57,0.39
2022-01-04,325.59,319.77,325.96,316.88,32674306,10765419008.0,2.79,-1.76,-5.74,0.44
2022-01-05,316.62,307.14,316.83,306.74,40054327,12819830528.0,3.16,-3.95,-12.63,0.53
2022-01-06,303.91,304.64,309.46,302.25,39646148,12496153856.0,2.35,-0.81,-2.5,0.53
2022-01-07,304.59,304.8,307.251,300.86,32720018,10267072768.0,2.1,0.05,0.16,0.44
2022-01-10,300.245,305.03,305.48,295.45,44289467,13735401472.0,3.29,0.08,0.23,0.59
2022-01-11,304.14,305.74,307.37,300.65,29386774,9233614848.0,2.2,0.23,0.71,0.39
2022-01-12,310.43,309.03,314.17,307.84,34372217,10982061568.0,2.07,1.08,3.29,0.46
2022-01-13,311.226,295.56,311.64,294.76,45365979,14046508800.0,5.46,-4.36,-13.47,0.6
2022-01-14,295.01,300.96,301.58,294.51,39846414,12279932928.0,2.39,1.83,5.4,0.53
2022-01-18,294.83,293.41,300.56,292.5,42434112,12931380736.0,2.68,-2.51,-7.55,0.57
2022-01-19,297.05,294.09,304.669,293.46,45933855,14163337472.0,3.82,0.23,0.68,0.61
2022-01-20,299.83,292.36,302.409,291.9,35380675,10871606272.0,3.57,-0.59,-1.73,0.47
2022-01-21,293.445,286.79,294.87,286.37,57984403,17374513408.0,2.91,-1.91,-5.57,0.77
2022-01-24,282.96,287.13,287.87,266.81,86035393,24834547456.0,7.34,0.12,0.34,1.15
2022-01-25,282.28,279.25,285.75,275.93,72848638,21100842496.0,3.42,-2.74,-7.88,0.97
2022-01-26,298.745,287.47,299.26,283.79,90428853,27159997952.0,5.54,2.94,8.22,1.21
2022-01-27,293.42,290.6,298.06,288.69,53481317,16181046016.0,3.26,1.09,3.13,0.71
2022-01-28,290.99,299.02,299.24,285.21,49743698,15071501056.0,4.83,2.9,8.42,0.66
2022-01-31,299.71,301.74,303.14,297.13,46444536,14372411648.0,2.01,0.91,2.72,0.62
2022-02-01,301.17,299.52,301.39,295.889,40950396,12586927104.0,1.82,-0.74,-2.22,0.55
2022-02-02,300.39,304.22,305.88,299.64,36635989,11442118144.0,2.08,1.57,4.7,0.49
2022-02-03,300.25,292.01,301.99,290.72,43729972,13356721408.0,3.7,-4.01,-12.21,0.58
2022-02-04,290.97,296.7,299.56,290.73,35096488,10720564480.0,3.02,1.61,4.69,0.47
2022-02-07,296.93,291.71,298.6,290.66,28533286,8651809024.0,2.68,-1.68,-4.99,0.38
2022-02-08,292.01,295.32,296.321,290.71,32421188,9840916480.0,1.92,1.24,3.61,0.43
2022-02-09,300.625,301.97,302.69,298.15,31284671,9686102016.0,1.54,2.25,6.65,0.42
2022-02-10,294.8,293.14,299.88,291.46,45386199,13804306432.0,2.79,-2.92,-8.83,0.61
2022-02-11,293.95,285.8,295.05,284.98,39175620,11677921280.0,3.44,-2.5,-7.34,0.52
2022-02-14,284.53,285.76,287.52,282.11,36359487,10702437888.0,1.89,-0.01,-0.04,0.48
2022-02-15,290.768,291.23,291.56,287.78,27379488,8201969664.0,1.32,1.91,5.47,0.37
2022-02-16,289.745,290.88,292.25,285.06,29982121,8919158528.0,2.47,-0.12,-0.35,0.4
2022-02-17,287.74,282.11,288.18,281.38,32461580,9508034816.0,2.34,-3.01,-8.77,0.43
2022-02-18,284.43,279.31,285.24,277.685,34264008,9907352576.0,2.68,-0.99,-2.8,0.46
2022-02-22,276.38,279.1,282.92,275.88,41736117,12006458624.0,2.52,-0.08,-0.21,0.56
2022-02-23,281.56,271.65,283.08,271.48,37811167,10744057088.0,4.16,-2.67,-7.45,0.5
2022-02-24,263.89,285.97,286.54,262.9,56989686,16286727680.0,8.7,5.27,14.32,0.76
2022-02-25,286.52,288.69,289.01,283.035,32546721,9624669184.0,2.09,0.95,2.72,0.43
2022-02-28,285.69,290.17,290.52,284.38,34627457,10270085888.0,2.13,0.51,1.48,0.46
2022-03-01,287.78,286.33,291.35,283.53,31217778,9234874624.0,2.69,-1.32,-3.84,0.42
2022-03-02,286.74,291.57,292.85,285.078,31873007,9527169280.0,2.71,1.83,5.24,0.43
2022-03-03,294.27,287.3,294.51,285.43,27314469,8123558400.0,3.11,-1.46,-4.27,0.36
2022-03-04,285.67,281.24,287.04,278.545,32369655,9386498816.0,2.96,-2.11,-6.06,0.43
2022-03-07,279.91,270.29,281.07,269.91,43157178,12155081984.0,3.97,-3.89,-10.95,0.58
2022-03-08,269.18,267.23,275.34,261.38,48159475,13323242752.0,5.16,-1.13,-3.06,0.64
2022-03-09,274.82,279.88,280.98,272.16,35204480,10080799488.0,3.3,4.73,12.65,0.47
2022-03-10,274.4,276.97,277.98,271.96,30628012,8696358912.0,2.15,-1.04,-2.91,0.41
2022-03-11,279.34,271.45,280.89,270.81,27209330,7712992768.0,3.64,-1.99,-5.52,0.36
2022-03-14,271.72,267.82,276.779,267.2,30660747,8576181504.0,3.53,-1.34,-3.63,0.41
2022-03-15,271.73,278.53,279.2,270.105,34245085,9735616256.0,3.4,4.0,10.71,0.46
2022-03-16,280.49,285.77,285.95,274.58,37826329,11002369280.0,4.08,2.6,7.24,0.5
2022-03-17,284.67,286.6,286.99,280.75,30816633,9032872192.0,2.18,0.29,0.83,0.41
2022-03-18,286.75,291.81,292.38,284.11,43390625,12922414592.0,2.89,1.82,5.21,0.58
2022-03-21,290.27,290.54,291.52,286.28,28351245,8444616192.0,1.8,-0.44,-1.27,0.38
2022-03-22,291.18,295.44,296.38,290.15,27599689,8365777920.0,2.14,1.69,4.9,0.37
2022-03-23,291.89,290.87,294.61,289.1,25715377,7728562432.0,1.87,-1.55,-4.57,0.34
2022-03-24,290.52,295.48,295.58,289.695,24484456,7386148352.0,2.02,1.58,4.61,0.33
2022-03-25,296.61,295.06,296.88,290.666,22566453,6826296320.0,2.1,-0.14,-0.42,0.3
2022-03-28,295.71,302.08,302.18,295.71,29578188,9132308480.0,2.19,2.38,7.02,0.39
2022-03-29,305.29,306.79,307.2,300.43,30393403,9522892288.0,2.24,1.56,4.71,0.41
2022-03-30,305.14,305.24,307.33,302.96,28163555,8835694080.0,1.42,-0.51,-1.55,0.38
2022-03-31,305.28,299.69,306.52,299.27,33422070,10375458048.0,2.38,-1.82,-5.55,0.45
2022-04-01,300.75,300.8,301.51,296.92,27110529,8348208896.0,1.53,0.37,1.11,0.36
2022-04-04,301.47,306.35,306.49,301.09,24335868,7634606848.0,1.8,1.85,5.55,0.33
2022-04-05,304.65,302.26,306.245,301.25,23156719,7219487744.0,1.63,-1.34,-4.09,0.31
2022-04-06,296.57,290.88,298.38,288.09,40110372,12050232320.0,3.4,-3.76,-11.38,0.54
2022-04-07,288.04,292.75,295.03,287.73,31411155,9453199872.0,2.51,0.64,1.87,0.42
2022-04-08,291.82,288.35,292.5,287.66,24361917,7267705344.0,1.65,-1.5,-4.4,0.33
2022-04-11,283.17,276.64,283.99,276.38,34569264,9914875904.0,2.64,-4.06,-11.71,0.46
2022-04-12,280.615,273.44,282.119,271.87,30966721,8826342656.0,3.7,-1.16,-3.2,0.41
2022-04-13,274.11,279.0,279.96,272.68,21907176,6300942080.0,2.66,2.03,5.56,0.29
2022-04-14,279.47,271.21,279.685,270.7,28221607,7966000640.0,3.22,-2.79,-7.79,0.38
2022-04-18,270.29,271.9,273.84,269.72,20778000,5821595648.0,1.52,0.25,0.69,0.28
2022-04-19,270.76,276.68,277.55,269.79,22297720,6328375296.0,2.85,1.76,4.78,0.3
2022-04-20,280.78,277.74,281.08,276.75,22906667,6573839616.0,1.56,0.38,1.06,0.31
2022-04-21,279.96,272.19,284.68,271.44,29454587,8414443520.0,4.77,-2.0,-5.55,0.39
2022-04-22,273.06,265.41,274.58,264.76,29405798,8141030144.0,3.61,-2.49,-6.78,0.39
2022-04-25,264.67,272.1,272.49,262.15,35678852,9881902336.0,3.9,2.52,6.69,0.48
2022-04-26,268.88,261.6,269.74,261.38,46518445,12695137536.0,3.07,-3.86,-10.5,0.62
2022-04-27,273.48,274.6,282.35,270.54,63477694,18108095232.0,4.51,4.97,13.0,0.85
2022-04-28,276.565,281.01,282.36,272.836,33646570,9655660800.0,3.47,2.33,6.41,0.45
2022-04-29,279.99,268.9,281.26,267.88,37073923,10435129600.0,4.76,-4.31,-12.11,0.5
2022-05-02,269.09,275.85,276.32,267.6,35151105,9875174144.0,3.24,2.58,6.95,0.47
2022-05-03,275.34,273.16,275.51,271.53,25978605,7326027008.0,1.44,-0.98,-2.69,0.35
2022-05-04,273.97,281.36,282.26,268.11,33599320,9548764672.0,5.18,3.0,8.2,0.45
2022-05-05,276.92,268.73,277.73,265.72,43260386,12009111552.0,4.27,-4.49,-12.63,0.58
2022-05-06,266.185,266.11,270.63,262.65,37780322,10387155968.0,2.97,-0.97,-2.62,0.51
2022-05-09,261.44,255.96,263.74,254.7,47725952,12712899584.0,3.4,-3.81,-10.15,0.64
2022-05-10,263.07,260.88,265.13,256.45,39336424,10624808704.0,3.39,1.92,4.92,0.53
2022-05-11,257.06,251.93,262.74,250.68,48975898,12902369536.0,4.62,-3.43,-8.95,0.65
2022-05-12,249.07,246.73,251.26,241.4,51033802,12994628096.0,3.91,-2.06,-5.2,0.68
2022-05-13,248.73,252.5,254.42,246.73,34925093,9092452608.0,3.12,2.34,5.77,0.47
2022-05-16,251.335,252.88,257.2,247.16,32550933,8491847424.0,3.98,0.15,0.38,0.44
2022-05-17,257.49,258.2,259.71,253.84,28828799,7656966144.0,2.32,2.1,5.32,0.39
2022-05-18,255.0,246.08,255.6,244.77,31355985,8036089344.0,4.19,-4.69,-12.12,0.42
2022-05-19,245.9,245.14,249.67,243.88,32692286,8319001600.0,2.35,-0.38,-0.94,0.44
2022-05-20,249.24,244.56,250.54,238.44,39199279,9861011712.0,4.94,-0.24,-0.58,0.52
2022-05-23,247.49,252.65,253.5,245.43,33175379,8592193280.0,3.3,3.31,8.09,0.44
2022-05-24,249.89,251.62,253.33,245.5,29043904,7489354240.0,3.1,-0.41,-1.03,0.39
2022-05-25,250.14,254.52,256.58,249.125,28547947,7449652992.0,2.96,1.15,2.9,0.38
2022-05-26,254.27,257.9,259.11,253.429,25002105,6635629568.0,2.23,1.33,3.38,0.33
2022-05-27,260.48,265.24,265.34,259.56,26910806,7313290752.0,2.24,2.85,7.34,0.36
2022-05-31,264.53,263.87,266.77,260.93,37827695,10288189952.0,2.2,-0.52,-1.37,0.51
2022-06-01,267.195,264.42,269.69,262.04,25292174,6912578560.0,2.9,0.21,0.55,0.34
2022-06-02,256.45,266.58,266.65,253.6,44008209,11846161152.0,4.94,0.82,2.16,0.59
2022-06-03,262.31,262.02,265.45,260.41,28058958,7582880512.0,1.89,-1.71,-4.56,0.38
2022-06-06,264.06,260.75,266.18,259.22,22400342,6052391168.0,2.66,-0.48,-1.27,0.3
2022-06-07,258.635,264.5,265.13,257.94,22860677,6193600512.0,2.76,1.44,3.75,0.31
2022-06-08,263.71,262.41,265.0,261.61,17372341,4710508288.0,1.28,-0.79,-2.09,0.23
2022-06-09,259.78,256.79,264.708,256.63,26439728,7098966528.0,3.08,-2.14,-5.62,0.35
2022-06-10,252.58,244.99,252.58,244.53,31445841,8014577664.0,3.13,-4.6,-11.8,0.42
2022-06-13,237.11,234.26,241.024,233.53,46135788,11282435328.0,3.06,-4.38,-10.73,0.62
2022-06-14,235.86,236.49,237.74,233.51,28651487,6984470784.0,1.81,0.95,2.23,0.38
2022-06-15,240.31,243.76,247.3,238.42,33111729,8300712192.0,3.75,3.07,7.27,0.44
2022-06-16,237.98,236.97,239.417,235.02,33169160,8121762560.0,1.8,-2.79,-6.79,0.44
2022-06-17,236.7,239.65,242.5,236.03,43084780,10650161920.0,2.73,1.13,2.68,0.58
2022-06-21,242.255,245.74,246.75,241.51,29928297,7586519552.0,2.19,2.54,6.09,0.4
2022-06-22,243.89,245.13,249.17,242.37,25961215,6600355840.0,2.77,-0.25,-0.61,0.35
2022-06-23,247.57,250.86,251.37,245.63,25861449,6654126592.0,2.34,2.34,5.73,0.35
2022-06-24,253.808,259.7,259.98,253.72,33923231,9024752384.0,2.5,3.52,8.84,0.45
2022-06-27,260.205,256.89,260.3,255.28,24615114,6529536512.0,1.93,-1.08,-2.81,0.33
2022-06-28,255.98,248.48,258.91,248.32,27380247,7095304960.0,4.12,-3.27,-8.41,0.37
2022-06-29,249.59,252.26,253.97,247.76,20069839,5219758848.0,2.5,1.52,3.78,0.27
2022-06-30,249.05,248.83,251.53,244.9,31730868,8146327808.0,2.63,-1.36,-3.43,0.43
2022-07-01,248.39,251.58,251.77,246.61,22837692,5885557504.0,2.07,1.11,2.75,0.31
2022-07-05,248.16,254.85,254.98,246.74,22971634,5965076736.0,3.28,1.3,3.27,0.31
2022-07-06,255.75,258.21,259.99,254.4,23824419,6321642752.0,2.19,1.32,3.36,0.32
2022-07-07,257.12,260.4,261.055,257.02,20859874,5589208064.0,1.56,0.85,2.19,0.28
2022-07-08,256.79,259.66,260.1,255.285,19658751,5237556736.0,1.85,-0.28,-0.74,0.26
2022-07-11,257.65,256.51,258.53,254.18,19519108,5162711296.0,1.68,-1.21,-3.15,0.26
2022-07-12,257.88,245.67,257.94,244.04,35868450,9189796608.0,5.42,-4.23,-10.84,0.48
2022-07-13,242.19,244.72,245.55,240.11,29497423,7415443712.0,2.21,-0.39,-0.95,0.4
2022-07-14,242.57,246.08,247.137,237.94,25102823,6310302976.0,3.76,0.56,1.36,0.34
2022-07-15,247.72,248.72,252.37,246.773,29774050,7650896384.0,2.27,1.07,2.64,0.4
2022-07-18,251.75,246.25,252.84,245.3,20975034,5389419008.0,3.03,-0.99,-2.47,0.28
2022-07-19,249.575,251.53,251.72,245.68,25012562,6452948480.0,2.45,2.14,5.28,0.34
2022-07-20,251.9,254.27,256.87,250.91,22788282,5971759360.0,2.37,1.09,2.74,0.31
2022-07-21,251.79,256.84,256.89,249.03,22404675,5874294016.0,3.09,1.01,2.57,0.3
2022-07-22,257.24,252.36,257.33,251.07,21881290,5720313344.0,2.44,-1.74,-4.48,0.29
2022-07-25,252.995,250.83,253.5,248.81,21055998,5444044544.0,1.86,-0.61,-1.53,0.28
2022-07-26,251.86,243.9,251.88,241.57,39347957,9917368832.0,4.11,-2.76,-6.93,0.53
2022-07-27,253.16,260.74,262.05,250.85,45994049,12222603776.0,4.59,6.9,16.84,0.62
2022-07-28,261.75,268.41,269.84,259.87,33459327,9178235392.0,3.82,2.94,7.67,0.45
2022-07-29,269.7,272.74,274.0,268.63,32152752,8998736128.0,2.0,1.61,4.33,0.43
2022-08-01,269.82,270.01,273.28,267.84,21539580,5997178624.0,1.99,-1.0,-2.73,0.29
2022-08-02,268.0,266.82,269.89,264.38,22754184,6255012352.0,2.04,-1.18,-3.19,0.31
2022-08-03,268.76,274.47,275.5,268.61,23518874,6617851392.0,2.58,2.87,7.65,0.32
2022-08-04,273.8,275.65,275.8,272.168,18098668,5112966656.0,1.32,0.43,1.18,0.24
2022-08-05,271.15,274.91,275.65,270.68,16774606,4745703680.0,1.8,-0.27,-0.74,0.22
2022-08-08,276.05,272.32,277.92,271.32,18757818,5292062976.0,2.4,-0.94,-2.59,0.25
2022-08-09,271.64,274.3,275.08,269.61,23405238,6582156544.0,2.01,0.73,1.98,0.31
2022-08-10,280.17,281.16,281.81,278.94,24687845,7125636608.0,1.05,2.5,6.86,0.33
2022-08-11,282.85,279.02,283.21,278.51,20065938,5783834368.0,1.67,-0.76,-2.14,0.27
2022-08-12,280.48,283.91,283.91,278.94,22619675,6564837120.0,1.78,1.75,4.89,0.3
2022-08-15,283.0,285.47,286.18,282.11,18085654,5291194112.0,1.43,0.55,1.56,0.24
2022-08-16,283.99,284.71,286.04,282.42,18102882,5292411136.0,1.27,-0.27,-0.76,0.24
2022-08-17,282.36,283.94,285.97,282.09,18253358,5319214848.0,1.36,-0.27,-0.77,0.24
2022-08-18,282.809,282.79,284.53,281.7,17186192,4993410560.0,1.0,-0.41,-1.15,0.23
2022-08-19,281.52,278.77,281.87,278.18,20570033,5899419648.0,1.3,-1.42,-4.02,0.28
2022-08-22,274.7,270.37,275.08,269.84,25061070,6981655808.0,1.88,-3.01,-8.4,0.34
2022-08-23,269.06,269.06,271.48,268.02,17527409,4852251648.0,1.28,-0.48,-1.31,0.24
2022-08-24,268.03,268.41,269.85,267.73,18137019,5006187776.0,0.79,-0.24,-0.65,0.24
2022-08-25,269.95,271.47,271.64,267.14,16583407,4593925888.0,1.68,1.14,3.06,0.22
2022-08-26,271.7,260.71,272.96,260.6,27549307,7467677440.0,4.55,-3.96,-10.76,0.37
2022-08-29,258.47,257.85,260.02,256.47,20338544,5400170752.0,1.36,-1.1,-2.86,0.27
2022-08-30,259.29,255.59,259.67,253.28,22767071,5986931968.0,2.48,-0.88,-2.26,0.31
2022-08-31,258.01,254.09,259.73,253.95,24791834,6520497664.0,2.26,-0.59,-1.5,0.33
2022-09-01,251.49,253.02,253.51,248.03,23263431,6007029760.0,2.16,-0.42,-1.07,0.31
2022-09-02,254.315,248.68,257.36,247.09,22855380,5916086784.0,4.06,-1.72,-4.34,0.31
2022-09-06,248.82,245.87,250.45,244.56,21328242,5420958464.0,2.37,-1.13,-2.81,0.29
2022-09-07,247.32,250.71,251.45,245.84,24126700,6192994816.0,2.28,1.97,4.84,0.32
2022-09-08,250.13,251.14,253.05,247.41,20319911,5236085760.0,2.25,0.17,0.43,0.27
2022-09-09,253.12,257.08,257.85,252.91,22093190,5831131648.0,1.97,2.37,5.94,0.3
2022-09-12,258.4,259.27,260.07,257.78,18747690,4994702848.0,0.89,0.85,2.19,0.25
2022-09-13,251.46,244.61,253.02,244.21,33353318,8486313728.0,3.4,-5.65,-14.66,0.45
2022-09-14,246.15,244.84,246.85,242.48,23912954,6026496000.0,1.79,0.09,0.23,0.32
2022-09-15,242.39,238.0,244.02,236.64,31530948,7775539968.0,3.01,-2.79,-6.84,0.42
2022-09-16,236.88,237.36,237.92,234.683,39791768,9707002112.0,1.36,-0.27,-0.64,0.53
2022-09-19,235.085,237.14,237.76,233.47,26826931,6525475584.0,1.81,-0.09,-0.22,0.36
2022-09-20,234.685,235.07,236.13,232.26,26660299,6448416768.0,1.63,-0.87,-2.07,0.36
2022-09-21,236.89,231.57,240.28,231.52,28625557,6950290944.0,3.73,-1.49,-3.5,0.38
2022-09-22,230.49,233.6,236.48,230.19,31061162,7476660480.0,2.72,0.88,2.03,0.42
2022-09-23,232.16,230.54,233.75,227.82,34176048,8142392064.0,2.54,-1.31,-3.06,0.46
2022-09-26,229.665,230.07,234.07,229.52,27694190,6608793088.0,1.97,-0.2,-0.47,0.37
2022-09-27,232.6,229.03,234.42,227.12,27018732,6402968576.0,3.17,-0.45,-1.04,0.36
2022-09-28,229.43,233.69,234.95,227.35,29029679,6947738624.0,3.32,2.03,4.66,0.39
2022-09-29,231.51,230.12,232.57,227.03,27484233,6498397696.0,2.37,-1.53,-3.57,0.37
2022-09-30,230.91,225.52,233.16,225.35,35694832,8411157504.0,3.39,-2.0,-4.6,0.48
2022-10-03,228.03,233.36,234.23,227.28,28880357,6904067840.0,3.08,3.48,7.84,0.39
2022-10-04,237.71,241.5,242.98,237.595,34888416,8667027456.0,2.31,3.49,8.14,0.47
2022-10-05,238.61,241.82,243.2,236.72,20347136,5036442368.0,2.68,0.13,0.32,0.27
2022-10-06,240.55,239.41,242.96,238.7,20239886,5015885312.0,1.76,-1.0,-2.41,0.27
2022-10-07,233.522,226.86,233.94,225.79,37769602,8894664192.0,3.4,-5.24,-12.55,0.51
2022-10-10,225.67,221.87,227.179,219.35,29743608,6833970944.0,3.45,-2.2,-4.99,0.4
2022-10-11,220.24,218.03,221.68,216.73,30473954,6898507008.0,2.23,-1.73,-3.84,0.41
2022-10-12,218.02,218.37,220.48,216.58,21903937,4948255488.0,1.79,0.16,0.34,0.29
2022-10-13,212.47,226.86,228.72,211.75,42551818,9817872384.0,7.77,3.89,8.49,0.57
2022-10-14,228.16,221.18,229.86,220.96,30198588,6968016896.0,3.92,-2.5,-5.68,0.4
2022-10-17,228.44,230.15,231.58,227.755,28142268,6674079488.0,1.73,4.06,8.97,0.38
2022-10-18,235.86,231.12,236.55,227.99,26329591,6288635648.0,3.72,0.42,0.97,0.35
2022-10-19,229.66,229.1,232.23,226.91,19985698,4730330880.0,2.3,-0.87,-2.02,0.27
2022-10-20,228.39,228.77,233.93,227.49,21811015,5174736896.0,2.81,-0.14,-0.33,0.29
2022-10-21,227.36,234.74,235.62,227.12,26299733,6293448704.0,3.72,2.61,5.97,0.35
2022-10-24,236.38,239.87,240.46,233.915,24911212,6113033984.0,2.79,2.19,5.13,0.33
2022-10-25,239.88,243.28,243.66,238.45,34775505,8673334528.0,2.17,1.42,3.41,0.47
2022-10-26,223.79,223.94,230.92,222.68,82684846,19307895296.0,3.39,-7.95,-19.34,1.11
2022-10-27,223.66,219.37,226.31,218.4,40424645,9207189504.0,3.53,-2.04,-4.57,0.54
2022-10-28,218.86,228.49,229.22,218.67,40647724,9491957248.0,4.81,4.16,9.12,0.55
2022-10-31,226.38,224.75,227.54,223.77,28357265,6597849088.0,1.65,-1.64,-3.74,0.38
2022-11-01,227.22,220.79,228.36,219.945,30592271,7013978880.0,3.74,-1.76,-3.96,0.41
2022-11-02,222.08,212.72,223.92,212.66,38407008,8630223616.0,5.1,-3.66,-8.07,0.52
2022-11-03,212.71,206.87,213.03,206.6,36633922,7935131648.0,3.02,-2.75,-5.85,0.49
2022-11-04,210.17,214.01,214.21,206.051,36789063,8031096320.0,3.94,3.45,7.14,0.49
2022-11-07,214.61,220.49,221.03,213.9,33497979,7571542784.0,3.33,3.03,6.48,0.45
2022-11-08,221.32,221.49,224.27,218.46,28192548,6463789056.0,2.64,0.45,1.0,0.38
2022-11-09,219.99,217.13,221.253,216.95,27852910,6288907520.0,1.94,-1.97,-4.36,0.37
2022-11-10,228.05,235.6,235.95,227.62,46268021,11114011392.0,3.84,8.51,18.47,0.62
2022-11-11,235.61,239.73,240.61,234.55,34620246,8510267136.0,2.57,1.75,4.13,0.46
2022-11-14,234.605,234.17,236.53,231.83,31123340,7533992960.0,1.96,-2.32,-5.56,0.42
2022-11-15,238.28,234.59,239.62,232.65,31390117,7639733248.0,2.98,0.18,0.42,0.42
2022-11-16,236.09,235.03,237.1,233.72,24093272,5832410112.0,1.44,0.19,0.44,0.32
2022-11-17,231.08,234.98,236.55,230.93,23123544,5577542400.0,2.39,-0.02,-0.05,0.31
2022-11-18,236.81,234.52,237.04,232.33,27613523,6646972416.0,2.0,-0.2,-0.46,0.37
2022-11-21,234.73,235.35,237.97,234.49,26394700,6397964800.0,1.48,0.35,0.83,0.35
2022-11-22,236.89,238.33,238.61,234.01,19665699,4791612928.0,1.95,1.27,2.98,0.26
2022-11-23,238.405,240.88,241.58,237.57,19508462,4816649216.0,1.68,1.07,2.55,0.26
2022-11-25,240.61,240.79,242.0,240.03,9200772,2278919472.0,0.82,-0.04,-0.09,0.12
2022-11-28,239.38,235.06,239.95,234.1,24810271,6018743040.0,2.43,-2.38,-5.73,0.33
2022-11-29,234.7,233.63,236.09,231.51,17956313,4313585664.0,1.95,-0.61,-1.43,0.24
2022-11-30,233.87,248.44,248.63,233.16,47594239,11913421056.0,6.62,6.34,14.81,0.64
2022-12-01,247.17,247.99,249.42,244.216,26041524,6622729984.0,2.09,-0.18,-0.45,0.35
2022-12-02,243.12,248.32,249.36,242.99,21528520,5450761472.0,2.57,0.13,0.33,0.29
2022-12-05,245.31,243.5,247.119,241.36,23435294,5872819968.0,2.32,-1.94,-4.82,0.31
2022-12-06,244.12,238.42,245.16,237.08,22463727,5529509632.0,3.32,-2.09,-5.08,0.3
2022-12-07,238.13,237.67,239.46,235.505,20481522,5006668544.0,1.66,-0.31,-0.75,0.27
2022-12-08,238.14,240.7,242.04,236.36,22611757,5579106560.0,2.39,1.27,3.03,0.3
2022-12-09,237.995,238.72,241.61,237.46,20609743,5075068160.0,1.72,-0.82,-1.98,0.28
2022-12-12,240.745,245.81,245.84,240.47,30665069,7691058944.0,2.25,2.97,7.09,0.41
2022-12-13,254.99,250.22,257.215,246.37,42196884,10894773760.0,4.41,1.79,4.41,0.57
2022-12-14,250.43,250.52,255.888,247.61,35410933,9166525184.0,3.31,0.12,0.3,0.48
2022-12-15,247.02,242.31,247.5,240.64,35568093,8875885824.0,2.74,-3.28,-8.21,0.48
2022-12-16,241.85,237.99,243.14,236.81,86101994,21129136384.0,2.61,-1.78,-4.32,1.16
2022-12-19,238.16,233.75,238.51,232.01,29696436,7147100672.0,2.73,-1.78,-4.24,0.4
2022-12-20,232.7,235.1,236.21,231.72,25150802,6069649408.0,1.92,0.58,1.35,0.34
2022-12-21,234.99,237.73,238.915,233.41,23690607,5780374016.0,2.34,1.12,2.63,0.32
2022-12-22,234.555,231.49,235.29,227.17,28651664,6794073600.0,3.42,-2.62,-6.24,0.38
2022-12-23,229.41,232.03,232.17,227.243,21206982,5032912896.0,2.13,0.23,0.54,0.28
2022-12-27,232.0,230.26,232.23,229.13,16688648,3959102720.0,1.34,-0.76,-1.77,0.22
2022-12-28,230.19,227.83,233.02,227.47,17457104,4124631168.0,2.41,-1.06,-2.43,0.23
2022-12-29,228.95,234.31,235.22,228.95,19770693,4749062144.0,2.75,2.84,6.48,0.27
2022-12-30,231.51,233.12,233.26,229.96,21938472,5236526848.0,1.41,-0.51,-1.19,0.29
2023-01-03,236.38,232.88,239.05,230.7,25740036,6173529600.0,3.58,-0.1,-0.24,0.35
2023-01-04,225.575,222.4,226.17,219.26,50623394,11564226560.0,2.97,-4.5,-10.48,0.68
2023-01-05,220.5,215.61,220.85,215.06,39585623,8849836032.0,2.6,-3.05,-6.79,0.53
2023-01-06,216.3,218.23,219.06,212.65,43613574,9741601024.0,2.97,1.22,2.62,0.59
2023-01-09,219.75,220.42,224.537,219.71,27369784,6259372032.0,2.21,1.0,2.19,0.37
2023-01-10,221.055,222.15,224.61,220.63,27033881,6185478400.0,1.81,0.78,1.73,0.36
2023-01-11,224.59,229.07,229.25,224.41,28669331,6711221504.0,2.18,3.12,6.92,0.38
2023-01-12,228.56,231.81,233.2,226.86,27269486,6487054336.0,2.77,1.2,2.74,0.37
2023-01-13,230.302,232.53,232.67,228.22,21333265,5065510400.0,1.92,0.31,0.72,0.29
2023-01-17,231.27,233.65,234.21,230.39,29831257,7149848832.0,1.64,0.48,1.12,0.4
2023-01-18,234.865,229.11,235.68,228.82,30028692,7142649088.0,2.94,-1.94,-4.54,0.4
2023-01-19,227.08,225.23,228.82,223.98,28623033,6655281152.0,2.11,-1.69,-3.88,0.38
2023-01-20,228.155,233.52,234.04,227.81,35389809,8427723520.0,2.77,3.68,8.29,0.48
2023-01-23,234.4,235.88,238.465,232.95,31933951,7753340672.0,2.36,1.01,2.36,0.43
2023-01-24,235.8,235.34,237.25,233.74,40234444,9738344960.0,1.49,-0.23,-0.54,0.54
2023-01-25,227.78,233.91,236.6,224.2,66526641,15804815360.0,5.27,-0.61,-1.43,0.89
2023-01-26,236.95,241.3,241.61,235.3,33454491,8210451968.0,2.7,3.16,7.39,0.45
2023-01-27,242.29,241.46,243.13,240.13,26498939,6582345984.0,1.24,0.07,0.16,0.36
2023-01-30,237.81,236.01,238.9,235.5,25867365,6292044544.0,1.41,-2.26,-5.45,0.35
2023-01-31,236.75,241.11,241.25,236.245,26541072,6540889856.0,2.12,2.16,5.1,0.36
2023-02-01,241.3,246.05,248.48,238.77,31259912,7825517568.0,4.03,2.05,4.94,0.42
2023-02-02,252.12,257.9,257.99,250.55,39940437,10452734976.0,3.02,4.82,11.85,0.54
2023-02-03,252.842,251.65,257.5,250.4,29077256,7558285568.0,2.75,-2.42,-6.25,0.39
2023-02-06,250.74,250.07,251.6,248.08,22517997,5781685504.0,1.4,-0.63,-1.58,0.3
2023-02-07,253.83,260.86,262.075,253.38,50841365,13462984704.0,3.48,4.31,10.79,0.68
2023-02-08,266.5,260.03,270.06,259.51,54686049,14788036096.0,4.04,-0.32,-0.83,0.73
2023-02-09,267.1,256.92,267.28,256.1,42375102,11350012672.0,4.3,-1.2,-3.11,0.57
2023-02-10,254.83,256.4,257.39,253.962,25818489,6773758976.0,1.33,-0.2,-0.52,0.35
2023-02-13,260.94,264.62,267.9,260.45,44630921,12121227776.0,2.91,3.21,8.22,0.6
2023-02-14,265.97,265.47,268.27,262.58,37047924,10076634624.0,2.15,0.32,0.85,0.5
2023-02-15,262.3,263.3,264.71,260.16,28962163,7773069056.0,1.71,-0.82,-2.17,0.39
2023-02-16,258.0,256.13,260.72,255.88,29603616,7817824256.0,1.84,-2.72,-7.17,0.4
2023-02-17,253.37,252.04,254.07,249.98,30000055,7729640192.0,1.6,-1.6,-4.09,0.4
2023-02-21,248.46,246.65,249.47,245.57,28397444,7181757696.0,1.55,-2.14,-5.39,0.38
2023-02-22,248.07,245.49,248.32,244.32,22491056,5672899328.0,1.62,-0.47,-1.16,0.3
2023-02-23,249.54,248.75,250.82,244.46,29219095,7419051264.0,2.59,1.33,3.26,0.39
2023-02-24,243.94,243.2,244.98,242.08,24990905,6227486720.0,1.17,-2.23,-5.55,0.34
2023-02-27,246.44,244.14,246.8,243.37,21190042,5309573632.0,1.41,0.39,0.94,0.28
2023-02-28,243.05,243.4,245.47,242.71,22490950,5618924288.0,1.13,-0.3,-0.74,0.3
2023-03-01,244.74,240.25,244.91,239.77,27565259,6820078336.0,2.11,-1.29,-3.15,0.37
2023-03-02,240.53,245.09,245.38,239.59,24833646,6181807616.0,2.41,2.01,4.84,0.33
2023-03-03,246.17,249.27,249.6,245.37,30760136,7831512064.0,1.73,1.71,4.18,0.41
2023-03-06,250.405,250.85,254.1,249.96,24109849,6216412416.0,1.66,0.63,1.58,0.32
2023-03-07,250.28,248.13,251.67,247.37,21473179,5472728576.0,1.71,-1.08,-2.72,0.29
2023-03-08,248.02,247.68,248.522,244.79,17340217,4384197120.0,1.5,-0.18,-0.45,0.23
2023-03-09,249.8,246.3,253.54,245.56,26653387,6803992576.0,3.22,-0.56,-1.38,0.36
2023-03-10,245.06,242.57,246.77,241.58,28333930,7072970752.0,2.11,-1.51,-3.73,0.38
2023-03-13,241.38,247.9,251.89,239.71,33339721,8464404736.0,5.02,2.2,5.33,0.45
2023-03-14,250.73,254.77,255.05,249.84,33620293,8714432512.0,2.1,2.77,6.87,0.45
2023-03-15,253.96,259.42,260.46,253.19,46028047,12138226432.0,2.85,1.83,4.65,0.62
2023-03-16,259.185,270.18,270.54,257.26,54832140,14945657344.0,5.12,4.15,10.76,0.74
2023-03-17,272.24,273.41,277.31,270.3,69527371,19425376512.0,2.59,1.2,3.23,0.93
2023-03-20,270.96,266.21,271.46,263.83,43466649,11820975616.0,2.79,-2.63,-7.2,0.58
2023-03-21,268.86,267.76,268.98,263.499,34558704,9412586752.0,2.06,0.58,1.55,0.46
2023-03-22,267.38,266.27,275.02,266.16,34873330,9624149760.0,3.31,-0.56,-1.49,0.47
2023-03-23,271.92,271.64,275.04,269.18,36610879,10187297024.0,2.2,2.02,5.37,0.49
2023-03-24,271.22,274.55,274.61,269.26,28199962,7857234944.0,1.97,1.07,2.91,0.38
2023-03-27,274.48,270.36,275.439,269.5,26840212,7451469824.0,2.16,-1.53,-4.19,0.36
2023-03-28,269.77,269.21,270.12,266.025,21878647,5990135040.0,1.51,-0.43,-1.15,0.29
2023-03-29,272.94,274.49,275.12,272.39,25087032,7022226944.0,1.01,1.96,5.28,0.34
2023-03-30,278.21,278.03,278.44,275.46,25053410,7094277888.0,1.09,1.29,3.54,0.34
2023-03-31,277.71,282.28,283.25,276.98,32765976,9387991296.0,2.26,1.53,4.25,0.44
2023-04-03,280.5,281.21,282.25,277.93,24883342,7123455744.0,1.53,-0.38,-1.07,0.33
2023-04-04,281.21,281.16,284.43,279.65,25824299,7435435520.0,1.7,-0.02,-0.05,0.35
2023-04-05,279.83,278.32,281.13,276.9,22064770,6275004928.0,1.5,-1.01,-2.84,0.3
2023-04-06,277.19,285.58,286.06,276.01,29770334,8596109056.0,3.61,2.61,7.26,0.4
2023-04-10,283.188,283.37,283.58,278.69,23102994,6646057216.0,1.71,-0.77,-2.21,0.31
2023-04-11,279.73,276.81,279.96,275.62,27276589,7726144512.0,1.53,-2.31,-6.56,0.37
2023-04-12,278.77,277.47,280.99,275.94,27403432,7795779584.0,1.82,0.24,0.66,0.37
2023-04-13,277.57,283.82,283.88,277.15,24222678,6979337984.0,2.43,2.29,6.35,0.33
2023-04-14,280.98,280.12,282.46,277.67,20987917,6001352448.0,1.69,-1.3,-3.7,0.28
2023-04-17,283.91,282.78,285.58,280.14,23836223,6869178368.0,1.94,0.95,2.66,0.32
2023-04-18,285.55,282.35,285.735,280.99,20161845,5815715840.0,1.68,-0.15,-0.43,0.27
2023-04-19,279.97,282.43,283.03,278.52,17150271,4930557696.0,1.6,0.03,0.08,0.23
2023-04-20,279.23,280.09,283.01,279.06,23244363,6663694336.0,1.4,-0.83,-2.34,0.31
2023-04-21,278.99,279.74,280.25,277.041,21676387,6179654656.0,1.15,-0.12,-0.35,0.29
2023-04-24,276.07,275.75,278.93,272.7,26611014,7495155456.0,2.23,-1.43,-3.99,0.36
2023-04-25,273.49,269.4,275.58,269.35,45772236,12704393216.0,2.26,-2.3,-6.35,0.62
2023-04-26,290.68,289.35,293.55,286.71,64599182,19120908288.0,2.54,7.41,19.95,0.87
2023-04-27,289.95,298.81,299.18,289.23,46462638,14060179712.0,3.44,3.27,9.46,0.62
2023-04-28,297.99,301.24,302.91,297.29,36469613,11169214976.0,1.88,0.81,2.43,0.49
2023-05-01,300.95,299.54,302.58,299.13,21294115,6529250816.0,1.15,-0.56,-1.7,0.29
2023-05-02,301.74,299.39,303.16,297.89,26404431,8081842688.0,1.76,-0.05,-0.15,0.36
2023-05-03,300.6,298.38,302.59,298.07,22360754,6836562688.0,1.51,-0.34,-1.01,0.3
2023-05-04,300.22,299.39,301.743,297.38,22519907,6886376192.0,1.46,0.34,1.01,0.3
2023-05-05,299.7,304.63,305.95,298.25,28197052,8726858496.0,2.57,1.75,5.24,0.38
2023-05-08,304.11,302.63,304.18,300.07,21318613,6568195584.0,1.35,-0.66,-2.0,0.29
2023-05-09,301.98,300.98,304.02,300.29,21340829,6567484928.0,1.23,-0.55,-1.65,0.29
2023-05-10,302.6,306.29,306.98,301.65,30078044,9353675008.0,1.77,1.76,5.31,0.4
2023-05-11,304.08,304.09,305.1,300.24,31680179,9794821120.0,1.59,-0.72,-2.2,0.43
2023-05-12,304.53,302.95,304.63,300.58,19774696,6094926592.0,1.33,-0.37,-1.14,0.27
2023-05-15,303.075,303.44,303.885,301.57,16336547,5049105408.0,0.76,0.16,0.49,0.22
2023-05-16,303.81,305.72,307.69,303.81,26730347,8351950592.0,1.28,0.75,2.28,0.36
2023-05-17,306.95,308.66,309.09,305.4,24315012,7613725696.0,1.21,0.96,2.94,0.33
2023-05-18,309.19,313.18,313.7,308.38,27275991,8648437760.0,1.72,1.46,4.52,0.37
2023-05-19,311.4,313.0,313.41,311.03,27546701,8753026304.0,0.76,-0.06,-0.18,0.37
2023-05-22,313.26,315.84,317.25,312.67,24115664,7738197504.0,1.46,0.91,2.84,0.32
2023-05-23,314.69,309.92,317.38,309.91,30797173,9786416384.0,2.37,-1.87,-5.92,0.41
2023-05-24,309.39,308.51,311.16,307.27,23384887,7343641600.0,1.26,-0.45,-1.41,0.31
2023-05-25,317.9,320.58,321.56,314.66,43301743,14043514112.0,2.24,3.91,12.07,0.58
2023-05-26,318.68,327.55,328.06,318.54,36630633,12121447936.0,2.97,2.17,6.97,0.49
2023-05-30,329.89,325.87,330.4,325.18,29503070,9803582464.0,1.59,-0.51,-1.68,0.4
2023-05-31,326.95,323.05,330.6,321.99,45950553,15163133440.0,2.64,-0.87,-2.82,0.62
2023-06-01,320.59,327.24,328.19,319.38,26773851,8849211904.0,2.73,1.3,4.19,0.36
2023-06-02,328.907,330.06,332.16,327.21,25873769,8667355136.0,1.51,0.86,2.82,0.35
2023-06-05,329.88,330.6,333.22,329.32,21307053,7174483200.0,1.18,0.16,0.54,0.29
2023-06-06,329.99,328.34,330.03,326.83,20396223,6806608896.0,0.97,-0.68,-2.26,0.27
2023-06-07,326.31,318.04,329.15,317.16,40717129,13263337216.0,3.65,-3.14,-10.3,0.55
2023-06-08,318.595,319.92,321.3,318.01,23277708,7566604032.0,1.03,0.59,1.88,0.31
2023-06-09,319.65,321.45,324.65,319.07,22528950,7374312448.0,1.74,0.48,1.53,0.3
2023-06-12,323.24,326.51,326.76,319.82,24306753,8011374336.0,2.16,1.57,5.06,0.33
2023-06-13,329.125,328.95,331.64,325.05,22951279,7653711872.0,2.02,0.75,2.44,0.31
2023-06-14,329.0,332.0,333.7,327.47,26003791,8748821248.0,1.89,0.93,3.05,0.35
2023-06-15,332.14,342.76,344.5,331.86,38899075,13436692480.0,3.81,3.24,10.76,0.52
2023-06-16,345.98,336.99,346.13,336.61,46551985,16113768192.0,2.78,-1.68,-5.77,0.63
2023-06-20,333.97,332.71,336.74,330.52,26375407,8921892608.0,1.85,-1.27,-4.28,0.35
2023-06-21,331.03,328.22,332.39,326.73,25117799,8390583040.0,1.7,-1.35,-4.49,0.34
2023-06-22,328.78,334.37,334.78,328.0,23556764,7956340224.0,2.07,1.87,6.15,0.32
2023-06-23,329.02,329.68,332.62,328.11,23146901,7767741952.0,1.35,-1.4,-4.69,0.31
2023-06-26,328.38,323.26,330.77,323.15,21520582,7121917184.0,2.31,-1.95,-6.42,0.29
2023-06-27,326.52,329.23,330.81,323.96,24354110,8119747584.0,2.12,1.85,5.97,0.33
2023-06-28,329.32,330.51,332.64,328.47,20259523,6801117184.0,1.27,0.39,1.28,0.27
2023-06-29,329.37,329.71,330.77,327.28,16997042,5687504640.0,1.06,-0.24,-0.8,0.23
2023-06-30,332.41,335.2,337.39,331.86,26832756,9140765184.0,1.68,1.67,5.49,0.36
2023-07-03,333.85,332.65,335.56,331.231,12508692,4227812816.0,1.29,-0.76,-2.55,0.17
2023-07-05,329.75,332.81,336.31,329.388,18172378,6153766144.0,2.08,0.05,0.16,0.24
2023-07-06,331.96,335.93,337.65,330.16,28195534,9588221440.0,2.25,0.94,3.12,0.38
2023-07-07,333.98,331.88,336.45,331.66,21214824,7193393152.0,1.43,-1.21,-4.05,0.29
2023-07-10,329.26,326.49,329.89,322.25,32791449,10851051520.0,2.3,-1.62,-5.39,0.44
2023-07-11,325.72,327.13,327.52,321.66,26698218,8828027392.0,1.79,0.2,0.64,0.36
2023-07-12,331.26,331.86,336.312,330.33,29995262,10139275008.0,1.83,1.45,4.73,0.4
2023-07-13,334.22,337.32,338.4,333.68,20567159,7026240000.0,1.42,1.65,5.46,0.28
2023-07-14,342.25,339.9,346.09,338.97,28352729,9853034496.0,2.11,0.76,2.58,0.38
2023-07-17,340.338,340.39,341.65,336.86,20363927,7032486144.0,1.41,0.14,0.49,0.27
2023-07-18,340.49,354.15,361.44,336.83,64872705,23260261120.0,7.23,4.04,13.76,0.87
2023-07-19,356.41,349.74,357.12,347.095,39732901,14184768512.0,2.83,-1.25,-4.41,0.53
2023-07-20,348.23,341.53,352.63,340.03,33778395,11796755200.0,3.6,-2.35,-8.21,0.45
2023-07-21,343.81,338.43,344.96,334.49,69405382,23913372416.0,3.07,-0.91,-3.1,0.93
2023-07-24,340.51,339.77,341.58,336.97,26719207,9212190976.0,1.36,0.4,1.34,0.36
2023-07-25,341.77,345.64,346.55,339.73,41637739,14549375744.0,2.01,1.73,5.87,0.56
2023-07-26,336.1,332.43,339.33,327.77,58383702,19684141312.0,3.34,-3.82,-13.21,0.79
2023-07-27,335.14,325.38,335.99,323.71,39635262,13261951488.0,3.69,-2.12,-7.05,0.53
2023-07-28,328.33,333.03,334.67,327.83,28484868,9612440320.0,2.1,2.35,7.65,0.38
2023-07-31,331.58,330.58,332.355,328.02,25446022,8527981056.0,1.3,-0.74,-2.45,0.34
2023-08-01,329.85,331.0,333.2,328.36,18381253,6184204544.0,1.46,0.13,0.42,0.25
2023-08-02,328.29,322.16,328.29,321.015,27761257,9127832832.0,2.2,-2.67,-8.84,0.37
2023-08-03,320.66,321.32,324.54,320.61,18360352,6015890944.0,1.22,-0.26,-0.84,0.25
2023-08-04,326.54,322.44,329.8,321.9,23741484,7857335552.0,2.46,0.35,1.12,0.32
2023-08-07,323.03,324.77,325.77,322.18,17741526,5845483776.0,1.11,0.72,2.33,0.24
2023-08-08,321.62,320.71,323.41,317.66,22327574,7258283520.0,1.77,-1.25,-4.06,0.3
2023-08-09,321.13,316.89,321.77,315.71,22373268,7236211968.0,1.89,-1.19,-3.82,0.3
2023-08-10,320.675,317.59,322.92,315.84,20113725,6519970304.0,2.23,0.22,0.7,0.27
2023-08-11,314.92,315.67,317.07,313.87,24355491,7813006080.0,1.01,-0.6,-1.92,0.33
2023-08-14,316.05,318.7,318.72,314.74,18836139,6077556224.0,1.26,0.96,3.03,0.25
2023-08-15,317.66,316.52,319.75,315.563,16966285,5479792384.0,1.31,-0.68,-2.18,0.23
2023-08-16,316.14,315.74,319.76,315.144,20698864,6656651264.0,1.46,-0.25,-0.78,0.28
2023-08-17,315.88,312.22,317.21,311.55,21257161,6767069952.0,1.79,-1.11,-3.52,0.29
2023-08-18,309.83,311.82,313.72,306.891,24755012,7804760576.0,2.19,-0.13,-0.4,0.33
2023-08-21,313.27,317.22,318.11,312.38,24039956,7709952256.0,1.84,1.73,5.4,0.32
2023-08-22,320.84,317.8,321.415,316.8,16102024,5207851520.0,1.45,0.18,0.58,0.22
2023-08-23,319.16,322.34,324.54,318.8,21166382,6924760320.0,1.81,1.43,4.54,0.28
2023-08-24,328.19,315.31,328.32,315.3,23281434,7523379456.0,4.04,-2.18,-7.03,0.31
2023-08-25,316.81,318.32,320.7,314.14,21684104,6984347136.0,2.08,0.95,3.01,0.29
2023-08-28,321.0,319.04,321.49,317.062,14808482,4789086208.0,1.39,0.23,0.72,0.2
2023-08-29,317.22,323.75,324.324,317.22,19284590,6308689408.0,2.23,1.48,4.71,0.26
2023-08-30,324.01,324.13,325.15,321.785,15222110,5001051904.0,1.04,0.12,0.38,0.2
2023-08-31,324.54,323.1,326.25,322.12,26410954,8665401088.0,1.27,-0.32,-1.03,0.36
2023-09-01,326.65,324.0,327.33,322.12,14942024,4909955072.0,1.61,0.28,0.9,0.2
2023-09-05,324.34,328.89,330.19,324.0,18553859,6171595008.0,1.91,1.51,4.89,0.25
2023-09-06,328.72,328.22,329.8,325.52,17535773,5826227200.0,1.3,-0.2,-0.67,0.24
2023-09-07,326.63,325.25,328.42,324.37,18380995,6077217024.0,1.23,-0.9,-2.97,0.25
2023-09-08,325.43,329.61,331.5,324.8,19548165,6537171200.0,2.06,1.34,4.36,0.26
2023-09-11,332.58,333.28,333.76,330.77,16583324,5593724416.0,0.91,1.11,3.67,0.22
2023-09-12,331.155,327.11,332.13,326.82,17565482,5848595200.0,1.59,-1.85,-6.17,0.24
2023-09-13,326.65,331.4,332.19,326.51,16544412,5546694656.0,1.74,1.31,4.29,0.22
2023-09-14,334.488,334.04,336.2,331.91,20267048,6870717696.0,1.29,0.8,2.64,0.27
2023-09-15,332.26,325.56,332.738,324.99,37679792,12533367040.0,2.32,-2.54,-8.48,0.51
2023-09-18,323.14,324.4,325.74,321.7,16834208,5532668928.0,1.24,-0.36,-1.16,0.23
2023-09-19,321.51,323.99,324.73,319.85,16514487,5403574272.0,1.5,-0.13,-0.41,0.22
2023-09-20,324.85,316.11,324.93,315.85,21436525,6958471168.0,2.8,-2.43,-7.88,0.29
2023-09-21,314.6,314.87,320.69,310.34,35560362,11414379264.0,3.27,-0.39,-1.24,0.48
2023-09-22,316.66,312.35,316.79,311.49,21447887,6829217536.0,1.68,-0.8,-2.52,0.29
2023-09-25,311.93,312.88,313.01,310.34,17835964,5645271296.0,0.85,0.17,0.53,0.24
2023-09-26,310.47,307.48,311.22,305.36,26297573,8207269632.0,1.87,-1.73,-5.4,0.35
2023-09-27,307.64,308.13,309.639,305.03,19410082,6053925888.0,1.5,0.21,0.65,0.26
2023-09-28,306.33,308.98,310.82,304.79,19683564,6156536064.0,1.96,0.28,0.85,0.26
2023-09-29,313.09,311.09,314.81,310.32,24147298,7647059712.0,1.45,0.68,2.11,0.33
2023-10-02,311.62,317.14,317.228,310.52,20570006,6571983104.0,2.16,1.94,6.05,0.28
2023-10-03,316.17,308.73,316.73,306.555,21033492,6611677440.0,3.21,-2.65,-8.41,0.28
2023-10-04,309.37,314.295,315.38,309.34,20720144,6588719104.0,1.96,1.8,5.565,0.28
2023-10-05,314.43,314.7,315.32,310.24,16965629,5394158336.0,1.62,0.13,0.405,0.23
2023-10-06,311.89,322.6,324.53,311.64,25673630,8346029312.0,4.1,2.51,7.9,0.35
2023-10-09,320.09,325.16,325.64,318.52,19891180,6524408320.0,2.21,0.79,2.56,0.27
2023-10-10,326.3,323.73,326.44,323.01,20557094,6767054080.0,1.05,-0.44,-1.43,0.28
2023-10-11,326.55,327.76,328.16,324.48,20063246,6651719424.0,1.14,1.24,4.03,0.27
2023-10-12,325.905,326.5,328.97,324.06,19313098,6400561152.0,1.5,-0.38,-1.26,0.26
2023-10-13,327.72,323.07,329.17,321.7,21085695,6941704704.0,2.29,-1.05,-3.43,0.28
2023-10-16,326.39,327.98,331.48,325.94,22158048,7385498112.0,1.71,1.52,4.91,0.3
2023-10-17,324.93,327.4,328.8,322.75,18338523,6073726208.0,1.84,-0.18,-0.58,0.25
2023-10-18,327.83,325.45,330.93,323.64,23153602,7682172160.0,2.23,-0.6,-1.95,0.31
2023-10-19,327.49,326.66,332.22,326.25,25052071,8348186368.0,1.83,0.37,1.21,0.34
2023-10-20,327.06,322.01,327.26,320.79,25027715,8208558848.0,1.98,-1.42,-4.65,0.34
2023-10-23,320.81,324.66,328.065,319.73,24374748,8023719168.0,2.59,0.82,2.65,0.33
2023-10-24,326.64,325.87,327.18,322.94,31153571,10292917760.0,1.31,0.37,1.21,0.42
2023-10-25,340.36,336.01,341.54,332.96,55053828,18767171328.0,2.63,3.11,10.14,0.74
2023-10-26,335.88,323.23,336.97,322.28,37828543,12526968064.0,4.37,-3.8,-12.78,0.51
2023-10-27,325.765,325.15,332.06,323.741,29856522,9902661632.0,2.57,0.59,1.92,0.4
2023-10-30,328.75,332.65,334.79,327.17,22828082,7678644992.0,2.34,2.31,7.5,0.31
2023-10-31,334.19,333.45,334.34,330.03,20265282,6833281024.0,1.3,0.24,0.8,0.27
2023-11-01,335.13,341.41,342.76,334.99,28158819,9714888960.0,2.33,2.39,7.96,0.38
2023-11-02,342.58,343.66,344.17,340.11,24348072,8462130176.0,1.19,0.66,2.25,0.33
2023-11-03,344.97,348.14,349.73,342.67,23637673,8319172352.0,2.05,1.3,4.48,0.32
2023-11-06,348.79,351.87,352.88,348.69,23828301,8482759680.0,1.2,1.07,3.73,0.32
2023-11-07,354.74,355.87,357.8,352.97,25833931,9317629696.0,1.37,1.14,4.0,0.35
2023-11-08,357.02,358.54,359.21,355.89,26767828,9701414400.0,0.93,0.75,2.67,0.36
2023-11-09,357.64,356.03,360.13,355.702,24847331,8997013248.0,1.24,-0.7,-2.51,0.33
2023-11-10,356.83,365.01,365.44,356.41,28065164,10319657728.0,2.54,2.52,8.98,0.38
2023-11-13,363.56,362.02,363.81,361.24,19986506,7337744896.0,0.7,-0.82,-2.99,0.27
2023-11-14,366.35,365.61,367.29,362.685,27683862,10249132800.0,1.27,0.99,3.59,0.37
2023-11-15,367.37,365.76,369.22,363.2,26860095,9932410624.0,1.65,0.04,0.15,0.36
2023-11-16,367.05,372.26,372.44,366.27,27182315,10189134592.0,1.69,1.78,6.5,0.37
2023-11-17,369.7,365.94,370.46,363.09,40325371,14950975232.0,1.98,-1.7,-6.32,0.54
2023-11-20,367.31,373.53,374.96,367.09,52528964,19749524736.0,2.15,2.07,7.59,0.71
2023-11-21,371.76,369.16,372.312,367.21,28423145,10601098496.0,1.37,-1.17,-4.37,0.38
2023-11-22,374.09,373.94,375.88,371.055,23361184,8828631808.0,1.31,1.29,4.78,0.31
2023-11-24,373.42,373.52,374.06,371.225,10176649,3834183408.0,0.76,-0.11,-0.42,0.14
2023-11-27,372.87,374.7,376.73,372.29,22179228,8397445376.0,1.19,0.32,1.18,0.3
2023-11-28,374.44,378.79,379.09,374.25,20453112,7804336896.0,1.29,1.09,4.09,0.28
2023-11-29,379.85,374.94,380.39,373.53,28963399,10994081280.0,1.81,-1.02,-3.85,0.39
2023-11-30,374.58,375.0,376.18,371.56,30554415,11554755328.0,1.23,0.02,0.06,0.41
2023-12-01,372.85,370.6,374.25,367.4,33040472,12355411712.0,1.83,-1.17,-4.4,0.44
2023-12-04,365.19,365.23,365.61,358.99,32063305,11772818688.0,1.79,-1.45,-5.37,0.43
2023-12-05,362.54,368.61,369.165,361.711,23065035,8561977600.0,2.04,0.93,3.38,0.31
2023-12-06,369.63,364.89,370.27,364.12,21182072,7836673792.0,1.67,-1.01,-3.72,0.29
2023-12-07,364.32,367.04,367.543,362.41,23118864,8551583232.0,1.41,0.59,2.15,0.31
2023-12-08,365.29,370.32,370.55,364.32,20154366,7512310784.0,1.7,0.89,3.28,0.27
2023-12-11,364.57,367.39,367.69,362.19,27708757,10237192448.0,1.49,-0.79,-2.93,0.37
2023-12-12,366.94,370.47,370.51,366.55,24838253,9257507328.0,1.08,0.84,3.08,0.33
2023-12-13,372.11,370.46,373.726,366.86,30955531,11590937088.0,1.85,0.0,-0.01,0.42
2023-12-14,369.4,362.02,369.85,360.22,43277461,15892251136.0,2.6,-2.28,-8.44,0.58
2023-12-15,362.94,366.82,368.49,362.37,78502324,29036989184.0,1.69,1.33,4.8,1.06
2023-12-18,365.54,368.74,369.09,364.77,21802878,8104632576.0,1.18,0.52,1.92,0.29
2023-12-19,367.58,369.35,369.35,365.93,20603658,7668798720.0,0.93,0.17,0.61,0.28
2023-12-20,371.09,366.71,372.12,366.62,26316650,9816604160.0,1.49,-0.71,-2.64,0.35
2023-12-21,368.65,369.63,370.5,366.13,17708006,6592586496.0,1.19,0.8,2.92,0.24
2023-12-22,369.77,370.67,371.27,368.8,17107484,6404358656.0,0.67,0.28,1.04,0.23
2023-12-26,371.09,370.75,373.03,369.59,12673050,4748777984.0,0.93,0.02,0.08,0.17
2023-12-27,369.78,370.16,371.15,368.902,14905412,5571435264.0,0.61,-0.16,-0.59,0.2
2023-12-28,371.46,371.37,372.548,370.25,14327013,5378897152.0,0.62,0.33,1.21,0.19
2023-12-29,372.09,372.13,373.25,369.57,18730838,7040334336.0,0.99,0.2,0.76,0.25
2024-01-02,369.95,366.96,371.99,362.861,25258633,9347782912.0,2.45,-1.39,-5.17,0.34
2024-01-03,365.1,366.69,369.346,364.6,23083465,8567993344.0,1.29,-0.07,-0.27,0.31
2024-01-04,366.755,364.03,369.19,363.26,20901502,7727202816.0,1.62,-0.73,-2.66,0.28
2024-01-05,365.06,363.84,368.15,362.59,21004575,7748403968.0,1.53,-0.05,-0.19,0.28
2024-01-08,365.39,370.78,371.29,365.1,23133967,8629157120.0,1.7,1.91,6.94,0.31
2024-01-09,368.1,371.88,372.08,367.28,20829953,7800315648.0,1.29,0.3,1.1,0.28
2024-01-10,372.46,378.86,380.26,372.41,25514245,9736226816.0,2.11,1.88,6.98,0.34
2024-01-11,382.09,380.72,386.77,376.47,27850846,10712488704.0,2.72,0.49,1.86,0.37
2024-01-12,381.58,384.56,384.77,380.74,21661153,8392149504.0,1.06,1.01,3.84,0.29
2024-01-16,389.75,386.36,390.12,383.713,27202268,10628314368.0,1.67,0.47,1.8,0.37
2024-01-17,384.07,385.56,386.2,380.9,22234108,8631205632.0,1.37,-0.21,-0.8,0.3
2024-01-18,387.81,389.96,390.08,386.21,23392068,9184991744.0,1.0,1.14,4.4,0.31
2024-01-19,391.85,394.76,394.76,389.59,29331136,11632886784.0,1.33,1.23,4.8,0.39
2024-01-22,396.11,392.6,396.71,389.68,27016902,10722427136.0,1.78,-0.55,-2.16,0.36
2024-01-23,391.84,394.99,395.47,390.02,20525882,8152087296.0,1.39,0.61,2.39,0.28
2024-01-24,397.63,398.65,401.72,396.54,24866953,10024765440.0,1.31,0.93,3.66,0.33
2024-01-25,400.41,400.96,403.1,398.619,21021155,8510324736.0,1.12,0.58,2.31,0.28
2024-01-26,400.46,400.02,402.26,398.52,17803271,7193318144.0,0.93,-0.23,-0.94,0.24
2024-01-29,402.15,405.81,406.07,400.42,24510236,10000121600.0,1.41,1.45,5.79,0.33
2024-01-30,408.35,404.68,409.14,402.54,33477610,13699743744.0,1.63,-0.28,-1.13,0.45
2024-01-31,403.05,393.67,411.41,393.3,47871097,19299199744.0,4.48,-2.72,-11.01,0.64
2024-02-01,397.92,399.87,404.09,397.89,30657726,12402541824.0,1.57,1.57,6.2,0.41
2024-02-02,399.9,407.31,408.74,399.65,28256670,11581123840.0,2.27,1.86,7.44,0.38
2024-02-05,405.99,401.74,407.25,400.08,25352286,10299411456.0,1.76,-1.37,-5.57,0.34
2024-02-06,401.97,401.58,404.06,399.0,18382624,7442750720.0,1.26,-0.04,-0.16,0.25
2024-02-07,403.53,410.14,410.39,403.49,22340526,9204941824.0,1.72,2.13,8.56,0.3
2024-02-08,410.14,410.2,411.65,408.62,21225257,8783350272.0,0.74,0.01,0.06,0.29
2024-02-09,411.34,416.64,416.91,411.18,22032844,9237480704.0,1.4,1.57,6.44,0.3
2024-02-12,416.645,411.35,416.83,410.84,21202921,8837653504.0,1.44,-1.27,-5.29,0.29
2024-02-13,401.03,402.41,406.161,399.48,27824936,11316275200.0,1.62,-2.17,-8.94,0.37
2024-02-14,404.91,406.33,406.68,401.41,20401190,8312033280.0,1.31,0.97,3.92,0.27
